DACP_IDNumber,DACP_Name,DACP_Population,DACPHouseholds,DACP_MHI,AREAofDACP_a_,GSADWR_GSA_ID,GSA_Name,GSA_Basin,GSALocal_ID,GSAPosted_DT,GSA_URL,GSAPOC_Name,GSAPOC_Phone,GSAPOC_Email,GSA_ID,IntersectionArea_a_,Percent_Intersection_a_,DateofEntry,GSAnoticelastmodified,GSAstatus,GSAType,GSAMember,DecisionMaker,Voting_type,Listed_IP,WaterSystemIdentified,GSA_eligible_entity,number_GSA_eligible_entities,Incorporated,AdvisoryCommittee
600310,Adin CDP,215,64,29583,3895.440069,214,Modoc County,5-004,Big Valley,3/30/17,www.co.modoc.ca.us,Tiffany  Martine,530-233-6201,tiffanymartinez@co.modoc.ca.us,232,2397.366884,0.62,1/2/18,3/30/17,Exclusive,Single,N,N,NA,N,,N,,N,Y
601010,Allensworth CDP,480,118,25625,3028.510296,70,Tri-County Water Authority,5-022.13,1,3/18/16,http://tcwater.org/,Matthew Hurley,559-762-7240,mhurley@angiolawd.org,16,3028.510296,1,2/28/18,2/16/17,Exclusive,JPA,N,N,NA,Y,Allensworth CSD (39%) ,Y,1,N,N
601651,Amesti CDP,3213,961,48617,3068.371172,23,Pajaro Valley Water Management Agency,3-002.01,,9/24/15,pvwater.org,Brian Lockwood,831-722-9292,lockwood@pvwater.org,6,3068.371172,1,1/2/18,2/16/17,Exclusive,Single,N,N,NA,N,City of Watsonville (100%),S,1,N,Y
602420,Arbuckle CDP,3009,798,47639,1867.563471,322,Colusa Groundwater Authority,5-021.52,,6/29/17,http://countyofcolusa.org/index.aspx?nid=656,Mary  Fahey,530-458-0719,mfahey@countyofcolusa.org,323,1867.563471,1,1/8/18,7/7/17,Exclusive,JPA,N,N,NA,Y,"Arbuckle Public Utility District (43%), Del Oro WC (20%)",Y,1,N,N
602700,Armona CDP,3531,970,38622,1880.966254,162,Mid-Kings River Groundwater Sustainability Agency,5-022.12,,2/9/17,,Dennis  Mills,559-584-6412,kcwdh2o@sbcglobal.net,73,1880.966254,1,2/26/18,6/7/17,Exclusive,JPA,N,N,NA,Y,Armona CSD (100%),Y,1,N,Y
603708,Ballico CDP,333,110,41250,3074.788664,217,East Turlock Subbasin GSA,5-022.03,,4/3/17,eastsidewaterdistrict.com,Kevin Kauffman,(209) 478-4940,kauffmankevin@comcast.net,238,1065.173429,0.35,2/25/18,7/7/17,Exclusive,JPA,N,N,NA,N,Ballico CSD (9%),Y,1,N,N
603708,Ballico CDP,333,110,41250,3074.788664,201,West Turlock Subbasin Groundwater Sustainability Agency,5-022.03,,3/27/17,,Michael Cooke,(209) 668-6045,mcooke@turlock.ca.us,225,2008.871206,0.65,2/28/18,5/1/17,Exclusive,JPA,N,N,NA,N,Ballico CSD (9%),Y,1,N,N
604576,Beale AFB CDP,1342,363,42904,10762.05685,17,Yuba County Water Agency,5-021.61,,8/19/15,www.ycwa.com,Scott Matyac,530-741-5017,smatyac@ycwa.com,106,4191.209444,0.39,1/8/18,5/23/17,Exclusive,Single,N,N,NA,Y,Beale Air Force Base (97%),N,,N,N
604632,Bear Creek CDP,197,80,16719,58.054655,268,Merced Irrigation-Urban Groundwater Sustainability Agency (MIUGS,5-022.04,,5/31/17,www.mercedid.org,Hicham Eltal,209-354-2854,heltal@mercedid.org,311,58.054655,1,2/26/18,6/1/17,Exclusive,MOU,N,N,NA,N,,N,,N,N
605346,Benton CDP,178,112,26000,29282.0511,220,Mono County Tri-Valley Groundwater Management District,6-012.01,,4/21/17,,Carol Mitchell,760 873-8648,rick.and.carol.ann@gmail.com,229,18502.28266,0.63,2/26/18,5/15/17,Exclusive,AD,N,N,NA,Y,,N,,N,N
606150,Bertsch-Oceanview CDP,2568,806,35678,6628.89222,262,County of Del Norte,1-001,,5/30/17,http://www.co.del-norte.ca.us/,Randy Hooper,707-464-7254,rhooper@co.del-norte.ca.us,305,4827.026504,0.73,1/2/18,5/30/17,Exclusive,Single,N,N,NA,Y,Bertsch Ocean View CSD (72%),Y,1,N,N
606210,Bethel Island CDP,2158,1066,36845,5768.92715,248,Contra Costa County,5-022.15,,5/11/17,,Ryan Hernandez,925-674-7824,ryan.hernandez@dcd.cccounty.us,259,5246.895915,0.91,2/25/18,5/11/17,Exclusive,Single,N,N,NA,Y,"Contra Costa Water District (9%), Santiago Island Village (6%), Riverview Water Association (5%), Pleasantimes Mutual Water (3%), Farrar Park Property Owners (3%), Anglers Subdivision 4 (2%)",S,1,N,N
607372,Bombay Beach CDP,171,119,15050,865.613973,21,County of Imperial,7-033,,9/15/15,www.ca.imperial.ca.us/index.asp,Ralph Cordova,442-265-1011,ralphcordova@co.imperial.ca.us,164,779.851706,0.9,2/25/18,5/25/17,Exclusive,Single,N,N,NA,N,Coachella Valley Water District (78%),S,1,N,N
607750,Bowles CDP,182,39,31250,378.850993,188,Central Kings Groundwater Sustainability Agency,5-022.08,,3/20/17,,Phillip Desatoff,(559) 896-1661,pdesatoff@cidwater.com,211,378.75932,1,2/25/18,7/1/17,Exclusive,Single,N,N,NA,N,,N,,N,N
609332,Buttonwillow CDP,1371,378,34274,6688.717732,68,Buena Vista Water Storage District,5-022.14,,3/10/16,http://www.bvh2o.com/,Maurice  Etchech,661-324-1101,Maurice@BVH2O.com,15,1483.96946,0.22,2/25/18,2/16/17,Exclusive,Single,N,N,NA,Y,Buttonwillow County Water District (5%),Y,1,N,N
609332,Buttonwillow CDP,1371,378,34274,6688.717732,252,Semitropic Water Storage District,5-022.14,,5/15/17,www.Semitropic.com,Jason Gianquinto,(661) 758-5113,jgianquinto@semitropic.com,277,5103.628499,0.76,2/28/18,5/30/17,Exclusive,Single,N,N,NA,N,Buttonwillow cwd (5%),Y,1,N,N
609878,Calipatria city,7599,1571,30911,3401.731771,21,County of Imperial,7-030,,9/15/15,www.ca.imperial.ca.us/index.asp,Ralph Cordova,442-265-1011,ralphcordova@co.imperial.ca.us,164,3401.731771,1,2/25/18,5/25/17,Exclusive,Single,N,N,NA,Y,Gswc - Calipatria (31%),N,,Y,N
609878,Calipatria city,7599,1571,30911,3401.731771,47,Imperial Irrigation District,7-030,,12/18/15,www.iid.com,Tina  Shields,760-339-9038,tlshields@iid.com,158,3401.731771,1,2/25/18,2/16/17,Exclusive,Single,N,N,NA,Y,Gswc - Calipatria (31%),N,,Y,N
609990,Calpella CDP,424,164,44000,2735.75464,303,Ukiah Valley Basin Groundwater Sustainability Agency,1-052,,6/23/17,www.mendocinocounty.org/uvbgsa,Sarah  Dukett,707-463-4441,uvbgsa@mendocinocounty.org,342,2532.110145,0.93,1/2/18,6/23/17,Exclusive,JPA,N,N,NA,Y,Calpella County Water District (24%),Y,1,N,N
610816,Cantua Creek CDP,440,129,31181,3767.602244,105,Westlands Water District,5-022.09,,8/3/16,http://wwd.ca.gov/,Kiti Campbell,559-241-6226,kcampbell@westlandswater.org,40,3767.602244,1,2/28/18,5/30/17,Exclusive,Single,N,N,NA,Y,Fcsa #32/ Cantua Creek (2%),S,1,N,N
611600,Cartago CDP,38,33,46016,1157.726284,206,County of Inyo,6-012.01,OV-Inyo-GSA,3/30/17,www.inyowater.org,Bob Harrington,(760) 878-0001,bharrington@inyocounty.us,230,1157.726284,1,2/25/18,6/28/17,Exclusive,Single,N,N,NA,Y,"Cartago Mutual Water Company (8%), Camp Owen Water System (2%)",N,,N,N
611614,Caruthers CDP,3338,754,44375,2009.193944,188,Central Kings Groundwater Sustainability Agency,5-022.08,,3/20/17,,Phillip Desatoff,(559) 896-1661,pdesatoff@cidwater.com,211,2009.169573,1,2/25/18,7/1/17,Exclusive,Single,N,N,NA,Y,Caruthers Community Services District (34%),Y,1,N,N
612860,Cherokee Strip CDP,295,68,36250,87.642836,263,Kern Groundwater Authority Groundwater Sustainability Agency,5-022.14,,5/30/17,,Eric Averett,(661) 589-6045,eaverett@rrbwsd.com,306,87.642836,1,2/25/18,6/29/17,Exclusive,JPA,N,N,NA,N,,N,,N,N
616322,Corning city,7617,2345,36906,3867.747229,37,Tehama County Flood Control and Water Conservation District,5-021.51,,11/13/15,http://www.co.tehama.ca.us/,Ryan Teubert,530-385-1462,rteubert@tcpw.ca.gov,124,3867.747229,1,1/8/18,5/12/17,Exclusive,Single,N,Y,V,Y,City of Corning (14%),Y,1,Y,N
616630,Cottonwood CDP,4178,1328,42660,2555.740732,245,Enterprise-Anderson Groundwater Sustainability Agency,5-006.03,,5/11/17,http://www.ci.redding.ca.us/,Brian Crane,530-225-4170,bcrane@ci.redding.ca.us,287,2555.332588,1,1/2/18,5/11/17,Exclusive,MOU,N,N,NA,Y,Cottonwood County Water District,Y,1,N,N
616762,Cowan CDP,510,137,37656,159.550061,201,West Turlock Subbasin Groundwater Sustainability Agency,5-022.03,,3/27/17,,Michael Cooke,(209) 668-6045,mcooke@turlock.ca.us,225,159.550061,1,2/28/18,5/1/17,Exclusive,JPA,N,N,NA,N,,N,,N,N
617022,Crescent City ,7295,1726,27885,2780.823114,262,County of Del Norte,1-001,,5/30/17,http://www.co.del-norte.ca.us/,Randy Hooper,707-464-7254,rhooper@co.del-norte.ca.us,305,2269.039319,0.82,1/2/18,5/30/17,Exclusive,Single,N,N,NA,Y,"Crescent City (66%), Bertsch Ocean View CSD (15%), ",Y,2,Y,N
617428,Crows Landing CDP,194,83,29018,3219.009286,291,DM-II,5-022.07,,6/15/17,,Anthea Hansen,209-892-4470,ahansen@delpuertowd.org,301,2465.917282,0.77,2/25/18,6/15/17,Exclusive,MOA,N,N,NA,N,Crows Landing Comm Svc District (6%),Y,1,N,N
617428,Crows Landing CDP,194,83,29018,3219.009286,52,San Joaquin River Exchange Contractors Water Authority,5-022.07,,12/29/15,http://www.sjrecwa.net/,Steve Chedester,209-827-8616,stevechedester@sjrecwa.net,10,571.720952,0.18,2/26/18,2/21/17,Exclusive,JPA,N,N,NA,Y,Crows Landing Community Services District (6%),Y,1,N,N
617727,Cuyama CDP,72,22,27188,436.922853,279,Cuyama Basin Groundwater Sustainability Agency,3-013,CBGSA,6/12/17,,Matthew Young,805-568-3546,mcyoung@cosbpw.net,327,436.922853,1,1/2/18,6/12/17,Exclusive,JPA,N,N,NA,N,Cuyama Mutual Water Company (14%),N,,N,Y
618674,Del Rey CDP,1489,374,31222,1212.694144,270,South Kings Groundwater Sustainability Agency,5-022.08,,6/6/17,,David  Peters,(559) 834-3113,dpeters@peters-engineering.com,317,1209.163644,1,2/28/18,7/1/17,Exclusive,JPA,N,N,NA,Y,Del Rey CSD (335),Y,1,N,Y
619024,Desert Shores CDP,1039,284,30735,635.939323,21,County of Imperial,7-022,,9/15/15,www.ca.imperial.ca.us/index.asp,Ralph Cordova,442-265-1011,ralphcordova@co.imperial.ca.us,164,635.810862,1,2/25/18,5/25/17,Exclusive,Single,N,N,NA,Y,Coachella Valley Water District (99%),S,1,N,N
619406,Dixon Lane-Meadow Creek CDP,2447,1140,44792,3411.845033,206,County of Inyo,6-012.01,OV-Inyo-GSA,3/30/17,www.inyowater.org,Bob Harrington,(760) 878-0001,bharrington@inyocounty.us,230,3410.065506,1,2/25/18,6/28/17,Exclusive,Single,N,N,NA,Y,"Meadowcreek Mutual Water Company (4%), Highland Mobile Home Park (3%), Owens Valley Water Company (1%), Glenwood Mobile Estates (1%)",N,,N,N
619584,Dorris city,1115,381,30179,831.921418,224,Siskiyou County Flood Control and Water Conservation District,1-003,,4/18/17,,Elizabeth  Niels,530-842-8012,enielsen@co.siskiyou.ca.us,253,783.147786,0.94,1/2/18,4/18/17,Exclusive,Single,N,N,NA,Y,Dorris City (70%),Y,1,Y,Y
619612,Dos Palos city,5023,1487,33700,1355.813168,52,San Joaquin River Exchange Contractors Water Authority,5-022.07,,12/29/15,http://www.sjrecwa.net/,Steve Chedester,209-827-8616,stevechedester@sjrecwa.net,10,140.110428,0.1,2/26/18,2/21/17,Exclusive,JPA,N,N,NA,Y,Dos Palo City (95%),Y,1,Y,N
619654,Dos Palos Y CDP,171,75,17708,1588.028608,52,San Joaquin River Exchange Contractors Water Authority,5-022.07,,12/29/15,http://www.sjrecwa.net/,Steve Chedester,209-827-8616,stevechedester@sjrecwa.net,10,1588.028608,1,2/26/18,2/21/17,Exclusive,JPA,N,N,NA,Y,,N,,N,N
620032,Ducor CDP,646,176,28036,596.380663,184,Eastern Tule Groundwater Sustainability Agency,5-022.13,,3/8/17,http://www.ci.porterville.ca.us/govt/,Michael Reed,559-782-7462,mreed@ci.porterville.ca.us,205,596.380663,1,2/25/18,6/7/17,Exclusive,JPA,N,N,NA,Y,Ducor CSD (71%),Y,1,N,Y
620438,Earlimart CDP,8310,1903,24968,2056.435899,92,Delano-Earlimart Irrigation District,5-022.13,,9/13/16,http://www.deid.org/,Dale Brogan,661-725-2526,dbrogan@deid.org,29,2056.422835,1,2/25/18,2/16/17,Exclusive,Single,N,N,NA,Y,Earlimart PUD (53%),Y,1,N,Y
620900,East Nicolaus CDP,251,97,42566,4852.03104,202,South Sutter Water District,5-021.64,,3/27/17,,Brad Arnold,530-656-2242,sswd@hughes.net,233,4846.057681,1,1/11/18,6/9/17,Exclusive,Single,N,N,NA,Y,,N,,N,N
621210,East Tulare Villa CDP,951,263,45446,474.723043,239,Greater Kaweah Groundwater Sustainability Agency,5-022.11,,5/1/17,,Mark Larsen,559-747-5601,mlarsen@kdwcd.com,281,474.723043,1,2/25/18,6/6/17,Exclusive,JPA,N,N,NA,N,cws - Tulco Water Company (15%),N,,N,Y
621558,Edmundson Acres CDP,274,54,35000,63.924087,263,Kern Groundwater Authority Groundwater Sustainability Agency,5-022.14,,5/30/17,,Eric Averett,(661) 589-6045,eaverett@rrbwsd.com,306,63.924087,1,2/25/18,6/29/17,Exclusive,JPA,N,N,NA,N,,N,,N,N
622286,El Nido CDP,412,115,30956,3320.66496,268,Merced Irrigation-Urban Groundwater Sustainability Agency (MIUGS,5-022.04,,5/31/17,www.mercedid.org,Hicham Eltal,209-354-2854,heltal@mercedid.org,311,3318.755946,1,2/26/18,6/1/17,Exclusive,MOU,N,N,NA,N,El nido mobile home park,N,,N,N
622360,El Rancho CDP,16,7,0,70.956044,274,East Kaweah Groundwater Sustainability Agency,5-022.11,,6/6/17,,Michael Hagman,559-562-2534,mhagman@lindmoreid.com,314,70.956044,1,2/25/18,6/7/17,Exclusive,JPA,N,N,NA,N,,N,,N,Y
622972,Etna city,750,310,26711,867.547947,224,Siskiyou County Flood Control and Water Conservation District,1-005,,4/18/17,,Elizabeth  Niels,530-842-8012,enielsen@co.siskiyou.ca.us,253,788.335048,0.91,1/2/18,4/18/17,Exclusive,Single,N,N,NA,Y,Etna City (78%),Y,1,Y,Y
623210,Fairmead CDP,1983,401,31058,7792.436823,143,Chowchilla Water District,5-022.05,,12/27/16,http://www.cwdwater.com/index.php,Doug Welch,559-665-3747,dwelch@cwdwater.com,61,2791.830975,0.36,2/25/18,5/2/17,Exclusive,Single,N,N,NA,Y,Md#33 Fairmead (1.7%),S,1,N,N
623210,Fairmead CDP,1983,401,31058,7792.436823,76,Madera Irrigation District,5-022.06,,4/13/16,http://www.madera-id.org/,Thomas Greci,559-673-3514,TGreci@madera-id.org,19,2115.845391,0.27,2/25/18,2/16/17,Exclusive,Single,N,N,NA,Y,md#33 Fairmead (1.7%),S,1,N,N
623630,Farmington CDP,124,84,19886,2619.31961,194,Central San Joaquin Water Conservation District,5-022.01,,3/14/17,http://www.csjwcd.com/,Reid Roberts,(209) 466-7952,reidwroberts@gmail.com,189,2193.659722,0.84,2/25/18,6/23/17,Exclusive,Single,N,N,NA,Y,Farmington Water Company (6%),N,,N,N
623630,Farmington CDP,124,84,19886,2619.31961,54,San Joaquin County,5-022.01,ESJ,1/5/16,http://www.sjgov.org/,Brandon Nakagawa,(209) 468-3089,bnakagawa@sjgov.org,142,425.659889,0.16,2/26/18,7/20/17,Exclusive,Single,N,N,NA,Y,Farmington Water Company (6%),N,,N,N
624134,Firebaugh city,7935,2171,31312,3577.499291,52,San Joaquin River Exchange Contractors Water Authority,5-022.07,,12/29/15,http://www.sjrecwa.net/,Steve Chedester,209-827-8616,stevechedester@sjrecwa.net,10,771.707455,0.22,2/26/18,2/21/17,Exclusive,JPA,N,N,NA,Y,Firebaugh City (95%),Y,1,Y,N
625128,Fort Jones city,848,324,39500,690.028914,224,Siskiyou County Flood Control and Water Conservation District,1-005,,4/18/17,,Elizabeth  Niels,530-842-8012,enielsen@co.siskiyou.ca.us,253,560.909689,0.81,1/2/18,4/18/17,Exclusive,Single,N,N,NA,Y,Town of Fort Jones (98%),Y,1,Y,Y
625488,Franklin CDP,6840,1964,34671,2038.457034,268,Merced Irrigation-Urban Groundwater Sustainability Agency (MIUGS,5-022.04,,5/31/17,www.mercedid.org,Hicham Eltal,209-354-2854,heltal@mercedid.org,311,1940.210314,0.95,2/26/18,6/1/17,Exclusive,MOU,N,N,NA,N,Meadowbook Wc (40%),N,,N,N
625506,Franklin CDP,33,33,24531,2195.917195,106,Sacramento Central Groundwater Authority,5-021.65,GSA-1,8/3/16,,Darrell Eck,916-874-6851,eckd@saccounty.net,147,2195.917195,1,1/11/18,2/16/17,Exclusive,JPA,N,N,NA,N,Meadowbrook Wc (40%),N,,N,N
625590,Freeport CDP,68,30,46250,46.4427,106,Sacramento Central Groundwater Authority,5-021.65,GSA-1,8/3/16,,Darrell Eck,916-874-6851,eckd@saccounty.net,147,46.4427,1,1/11/18,2/16/17,Exclusive,JPA,N,N,NA,N,Freeport Marina (57%),N,,N,N
626028,French Camp CDP,4155,540,35833,3234.026369,30,Stockton East Water District,5-022.01,,10/22/15,http://www.sewd.net/,Cathy Lee,209-948-0537,clee@sewd.net,116,3131.640828,0.97,1/11/18,6/22/17,Exclusive,Single,N,N,NA,N,City of Stockton (28%),S,1,N,N
627190,Fuller Acres CDP,924,262,33750,726.472393,78,Kern River Groundwater Sustainability Agency,5-022.14,,4/21/16,,Art Chianello,661-326-3715,achianel@bakersfieldcity.us,20,723.231729,1,2/25/18,2/16/17,Exclusive,MOU,N,N,NA,Y,"Athal Mutual Water Company (27%), Fuller Acres Mutual Water Company (16%)",N,,N,N
629112,Garnet CDP,6380,1928,37910,7345.768154,42-1,Desert Water Agency,7-021.02,Statutory Area,11/24/15,www.dwa.org,Mark Krause,(760) 323-4971,mkrause@dwa.org,168,1583.098829,0.22,2/25/18,2/16/17,Exclusive,Single,N,N,NA,N,"Coachella Valley Water District (64%), Mission Springs Water District (31%)",S,2,N,N
629252,Gazelle CDP,76,46,21071,663.889968,224,Siskiyou County Flood Control and Water Conservation District,1-004,,4/18/17,,Elizabeth  Niels,530-842-8012,enielsen@co.siskiyou.ca.us,253,484.704424,0.73,1/2/18,4/18/17,Exclusive,Single,N,N,NA,N,,N,,N,Y
629392,Gerber CDP,1201,363,31781,1009.580315,37,Tehama County Flood Control and Water Conservation District,5-021.50,,11/13/15,http://www.co.tehama.ca.us/,Ryan Teubert,530-385-1462,rteubert@tcpw.ca.gov,124,1009.580315,1,1/8/18,5/12/17,Exclusive,Single,N,N,NA,Y,Gerber Las Flores Community Services District (90%),Y,1,N,N
630476,Goshen CDP,3832,856,38162,1757.713289,239,Greater Kaweah Groundwater Sustainability Agency,5-022.11,,5/1/17,,Mark Larsen,559-747-5601,mlarsen@kdwcd.com,281,1751.380501,1,2/25/18,6/6/17,Exclusive,JPA,N,N,NA,N,,N,,N,Y
630882,Grayson CDP,888,272,28068,2601.79263,190,Northwestern Delta-Mendota GSA,5-022.07,,3/14/17,www.stancounty.com,Walter Ward,(209) 525-6710,wward@envres.org,214,1779.102183,0.68,2/26/18,6/13/17,Exclusive,MOU,N,N,NA,N,City of Modesto - De Grayson (7%),S,1,N,N
630882,Grayson CDP,888,272,28068,2601.79263,67,West Stanislaus Irrigation District,5-022.07,1,2/25/16,,Robert  Pierce,209-894-3091,bobby.pierce@weststanislausid.org,13,755.88092,0.29,2/28/18,2/16/17,Exclusive,Single,N,N,NA,Y,City of Modesto - De Grayson (7%),S,1,N,N
631134,Greenview CDP,183,85,14193,1577.552709,224,Siskiyou County Flood Control and Water Conservation District,1-005,,4/18/17,,Elizabeth  Niels,530-842-8012,enielsen@co.siskiyou.ca.us,253,1429.476052,0.91,1/2/18,4/18/17,Exclusive,Single,N,N,NA,N,,N,,N,Y
631246,Grenada CDP,421,216,30750,592.896086,224,Siskiyou County Flood Control and Water Conservation District,1-004,,4/18/17,,Elizabeth  Niels,530-842-8012,enielsen@co.siskiyou.ca.us,253,153.306444,0.26,1/2/18,4/18/17,Exclusive,Single,N,N,NA,N,Grenada Sanitary District (13%),Y,1,N,Y
631568,Gustine city,5610,1903,38173,1569.615995,52,San Joaquin River Exchange Contractors Water Authority,5-022.07,,12/29/15,http://www.sjrecwa.net/,Steve Chedester,209-827-8616,stevechedester@sjrecwa.net,10,153.730019,0.1,2/26/18,2/21/17,Exclusive,JPA,N,N,NA,Y,City of Gustine (95%),Y,1,Y,N
631890,Hamilton City CDP,1718,503,32774,337.847253,355,Corning Sub-basin Groundwater Sustainability Agency,5-021.51,,8/17/17,http://www.countyofglenn.net/,Lisa Hunter,530-934-6501,lhunter@countyofglenn.net,390,337.847253,1,1/8/18,8/17/17,Exclusive,MOU,N,N,NA,Y,"Cal Water, Hamilton City (99%)",N,,N,N
632156,Hardwick CDP,184,47,18250,137.351869,162,Mid-Kings River Groundwater Sustainability Agency,5-022.12,,2/9/17,,Dennis  Mills,559-584-6412,kcwdh2o@sbcglobal.net,73,137.351869,1,2/26/18,6/7/17,Exclusive,JPA,N,N,NA,Y,Hardwick Water Group (24%),N,,N,Y
633084,Heber CDP,4256,1030,35153,1345.073268,21,County of Imperial,7-030,,9/15/15,www.ca.imperial.ca.us/index.asp,Ralph Cordova,442-265-1011,ralphcordova@co.imperial.ca.us,164,1345.073268,1,2/25/18,5/25/17,Exclusive,Single,N,N,NA,Y,Heber Public Utility District (56%),Y,1,N,N
633084,Heber CDP,4256,1030,35153,1345.073268,47,Imperial Irrigation District,7-030,,12/18/15,www.iid.com,Tina  Shields,760-339-9038,tlshields@iid.com,158,1345.073268,1,2/25/18,2/16/17,Exclusive,Single,N,N,NA,N,Heber Public Utility District (56%),Y,1,N,N
634246,Holtville city,6067,1666,29628,1047.390322,21,County of Imperial,7-030,,9/15/15,www.ca.imperial.ca.us/index.asp,Ralph Cordova,442-265-1011,ralphcordova@co.imperial.ca.us,164,1047.390322,1,2/25/18,5/25/17,Exclusive,Single,N,N,NA,Y,Holtville City (99%),Y,1,Y,N
634246,Holtville city,6067,1666,29628,1047.390322,47,Imperial Irrigation District,7-030,,12/18/15,www.iid.com,Tina  Shields,760-339-9038,tlshields@iid.com,158,1047.390322,1,2/25/18,2/16/17,Exclusive,Single,N,N,NA,Y,Holtville City (99%),Y,1,Y,N
634281,Home Garden CDP,1787,464,32976,438.842721,162,Mid-Kings River Groundwater Sustainability Agency,5-022.12,,2/9/17,,Dennis  Mills,559-584-6412,kcwdh2o@sbcglobal.net,73,438.842721,1,2/26/18,6/7/17,Exclusive,JPA,N,N,NA,Y,"Home Garden CSD (72%), City of Hanford 2%)",Y,1,N,Y
636084,Huron city,6777,1629,28896,1567.062158,253,Fresno County,5-022.09,Westside Subbasin,5/30/17,www.co.fresno.ca.us,Bernard Jimenez,(559)600-4234,bjimenez@co.fresno.ca.us,297,894.439461,0.57,2/25/18,5/30/17,Exclusive,Single,N,N,NA,Y,Huron City (99%),Y,1,Y,N
636084,Huron city,6777,1629,28896,1567.062158,105,Westlands Water District,5-022.09,,8/3/16,http://wwd.ca.gov/,Kiti Campbell,559-241-6226,kcampbell@westlandswater.org,40,672.622701,0.43,2/28/18,5/30/17,Exclusive,Single,N,N,NA,Y,City of Huron (99%),Y,1,Y,N
636882,Isleton city,792,306,30900,509.279246,328,Reclamation District No. 2067,5-021.66,,6/29/17,http://www.ndgsa.org/,Erik Ringelberg,9166687345,northerndeltagsa@gmail.com,365,85.511213,0.17,1/11/18,6/29/17,Exclusive,Single,N,N,NA,Y,California American Water Company - Isleton (65%),Y,1,Y,N
636882,Isleton city,792,306,30900,509.279246,346,Reclamation District No. 407,5-021.66,,7/7/17,http://www.ndgsa.org/,Erik Ringelberg,9166687345,northerndeltagsa@gmail.com,382,330.325506,0.65,1/11/18,7/7/17,Exclusive,Single,N,N,NA,Y,California American Water Company - Isleton (65%),Y,1,Y,N
636910,Ivanhoe CDP,4044,1064,32783,1992.890247,274,East Kaweah Groundwater Sustainability Agency,5-022.11,,6/6/17,,Michael Hagman,559-562-2534,mhagman@lindmoreid.com,314,781.625644,0.39,2/25/18,6/7/17,Exclusive,JPA,N,N,NA,N,Ivanhoe Public Utility District (37%),Y,1,N,Y
636910,Ivanhoe CDP,4044,1064,32783,1992.890247,239,Greater Kaweah Groundwater Sustainability Agency,5-022.11,,5/1/17,,Mark Larsen,559-747-5601,mlarsen@kdwcd.com,281,1211.24223,0.61,2/25/18,6/6/17,Exclusive,JPA,N,N,NA,N,Ivanhoe Public Utility District (37%),Y,1,N,Y
637918,Keeler CDP,80,40,13824,1291.772125,206,County of Inyo,6-012.01,OV-Inyo-GSA,3/30/17,www.inyowater.org,Bob Harrington,(760) 878-0001,bharrington@inyocounty.us,230,1291.772125,1,2/25/18,6/28/17,Exclusive,Single,N,N,NA,Y,Keeler Community Service District (11%),Y,1,N,N
638065,Kennedy CDP,3487,847,37675,1247.770971,30,Stockton East Water District,5-022.01,,10/22/15,http://www.sewd.net/,Cathy Lee,209-948-0537,clee@sewd.net,116,156.762484,0.13,1/11/18,6/22/17,Exclusive,Single,N,N,NA,N,"Cal Water, stockton (87%), V & P Trailer Court Water System",N,,N,N
638800,Knights Landing CDP,1161,426,45789,528.903675,310,Yolo Subbasin Groundwater Agency,5-021.67,,6/26/17,http://yologroundwater.org/,Tim O'Halloran,5306813354,tohalloran@ycfcwcd.org,217,528.903675,1,1/11/18,6/30/17,Exclusive,JPA,N,N,NA,N,Knights Landing Svc. Dist. (39%),Y,1,N,N
640872,La Vina CDP,436,78,31900,100.938978,76,Madera Irrigation District,5-022.06,,4/13/16,http://www.madera-id.org/,Thomas Greci,559-673-3514,TGreci@madera-id.org,19,100.938978,1,2/25/18,2/16/17,Exclusive,Single,N,N,NA,N,md#37 La Vina (87%),S,1,N,N
639556,Lake Hughes CDP,469,237,21932,10139.47225,307,Leona Valley Groundwater Sustainability Agency,6-044,,6/23/17,www.lacwaterworks.org,Kirk  Allen,626-300-3389,kallen@dpw.lacounty.gov,324,2329.134217,0.23,2/25/18,6/23/17,Exclusive,MOU,N,N,NA,Y,"California Water Service Co - Lake Hughes (3%), The Painted Turtle Camp (2.5%), The Oaks (1.5%) ",N,,N,N
640536,Las Flores CDP,154,66,27763,391.248592,37,Tehama County Flood Control and Water Conservation District,5-021.50,,11/13/15,http://www.co.tehama.ca.us/,Ryan Teubert,530-385-1462,rteubert@tcpw.ca.gov,124,391.248592,1,1/8/18,5/12/17,Exclusive,Single,N,N,NA,N,,N,,N,N
641040,Le Grand CDP,1823,509,38625,1153.160137,207,Merced Subbasin GSA,5-022.04,,3/28/17,www.countyofmerced.com,Lacey Kiriakou,209-385-7654,lkiriakou@countyofmerced.com,219,126.468487,0.11,2/26/18,3/28/17,Exclusive,JPA,N,N,NA,Y,Le Granda CSD,Y,1,N,N
641110,Lemon Cove CDP,214,99,34875,824.698169,239,Greater Kaweah Groundwater Sustainability Agency,5-022.11,,5/1/17,,Mark Larsen,559-747-5601,mlarsen@kdwcd.com,281,824.438214,1,2/25/18,6/6/17,Exclusive,JPA,N,N,NA,N,Lemon Cover Water Company (4%),Y,1,N,Y
641166,Lemoore Station CDP,6913,1584,44632,4148.762905,105,Westlands Water District,5-022.09,,8/3/16,http://wwd.ca.gov/,Kiti Campbell,559-241-6226,kcampbell@westlandswater.org,40,4145.74725,1,2/28/18,5/30/17,Exclusive,Single,N,N,NA,Y,Lemoore Naval Air Station (97%),N,,N,N
641656,Lindcove CDP,520,148,45625,674.76716,274,East Kaweah Groundwater Sustainability Agency,5-022.11,,6/6/17,,Michael Hagman,559-562-2534,mhagman@lindmoreid.com,314,674.758456,1,2/25/18,6/7/17,Exclusive,JPA,N,N,NA,N,,N,,N,Y
641740,Linnell Camp CDP,561,164,20556,115.67369,239,Greater Kaweah Groundwater Sustainability Agency,5-022.11,,5/1/17,,Mark Larsen,559-747-5601,mlarsen@kdwcd.com,281,115.67369,1,2/25/18,6/6/17,Exclusive,JPA,N,N,NA,N,Linnell Farm Labor Center (73%),N,,N,Y
642104,Lockeford CDP,3172,1254,45698,8694.137252,69,North San Joaquin Water Conservation District,5-022.01,,3/1/16,www.nsjgroundwater.org,Jennifer Spalett,209-224-5568,jennifer@spalettalaw.com,159,7417.207659,0.85,1/11/18,6/22/17,Exclusive,Single,N,N,NA,Y,Lockeford Community Services District (14%),Y,1,N,N
643126,Lookout CDP,67,19,36635,6171.74575,214,Modoc County,5-004,Big Valley,3/30/17,www.co.modoc.ca.us,Tiffany  Martine,530-233-6201,tiffanymartinez@co.modoc.ca.us,232,3473.570397,0.56,1/2/18,3/30/17,Exclusive,Single,N,N,NA,N,,N,,N,Y
644140,Los Molinos CDP,2184,845,36466,2423.266393,37,Tehama County Flood Control and Water Conservation District,5-021.56,,11/13/15,http://www.co.tehama.ca.us/,Ryan Teubert,530-385-1462,rteubert@tcpw.ca.gov,124,2400.094183,0.99,1/8/18,5/12/17,Exclusive,Single,N,N,NA,Y,"Los Molinos Community Services District (40%), Gateway Mobile Home Park (3%)",Y,1,N,N
644280,Lost Hills CDP,2194,452,31875,5400.238129,263,Kern Groundwater Authority Groundwater Sustainability Agency,5-022.14,,5/30/17,,Eric Averett,(661) 589-6045,eaverett@rrbwsd.com,306,4515.416721,0.84,2/25/18,6/29/17,Exclusive,JPA,N,N,NA,N,Lost Hills Utility District (66%),Y,1,N,N
644280,Lost Hills CDP,2194,452,31875,5400.238129,252,Semitropic Water Storage District,5-022.14,,5/15/17,www.Semitropic.com,Jason Gianquinto,(661) 758-5113,jgianquinto@semitropic.com,277,883.18064,0.16,2/28/18,5/30/17,Exclusive,Single,N,N,NA,Y,Lost Hills Utility District (66%),Y,1,N,N
644364,Loyalton city,874,336,43000,384.550676,216,Sierra Valley Groundwater Management District,5-012.01,,4/1/17,http://sierravalleygmd.org/,Einen Grandi,530-428-5002,sierravalleygmd@sbcglobal.net,227,384.550676,1,1/2/18,4/1/17,Exclusive,Single,N,N,NA,Y,Loyalton City (88%),Y,1,Y,N
644812,Macdoel CDP,111,18,28500,170.866323,224,Siskiyou County Flood Control and Water Conservation District,1-003,,4/18/17,,Elizabeth  Niels,530-842-8012,enielsen@co.siskiyou.ca.us,253,170.849476,1,1/2/18,4/18/17,Exclusive,Single,N,N,NA,N,Macdoel Waterworks (3%),N,,N,Y
645232,Malaga CDP,935,241,38350,273.109083,148,North Kings Groundwater Sustainability Agency,5-022.08,,1/13/17,,Gary  Serrato,559-233-7161,Gserrato@fresnoirrigation.com,65,273.109083,1,2/26/18,2/16/17,Exclusive,JPA,N,N,NA,Y,Malaga County Water District (99%),Y,1,N,Y
646223,Matheny CDP,1098,291,31208,421.596926,25,Mid-Kaweah Groundwater Subbasin Joint Powers Authority,5-022.11,,10/1/15,,Paul Hendrix,559-686-3425,jph@tulareid.org,7,420.654239,1,2/26/18,2/16/17,Exclusive,JPA,N,N,NA,Y,Pratt Mutual Water Company (61%),N,,N,Y
646338,Maxwell CDP,1076,349,44625,2299.760007,322,Colusa Groundwater Authority,5-021.52,,6/29/17,http://countyofcolusa.org/index.aspx?nid=656,Mary  Fahey,530-458-0719,mfahey@countyofcolusa.org,323,2299.760007,1,1/8/18,7/7/17,Exclusive,JPA,N,N,NA,Y,Maxwell Public Utility District (17%) ,Y,1,N,N
647164,Mettler CDP,88,31,42917,222.65343,263,Kern Groundwater Authority Groundwater Sustainability Agency,5-022.14,,5/30/17,,Eric Averett,(661) 589-6045,eaverett@rrbwsd.com,306,222.65343,1,2/25/18,6/29/17,Exclusive,JPA,N,N,NA,N,Mettler County Water District (33%),Y,1,N,N
647192,Mexican Colony CDP,216,63,17375,30.732073,263,Kern Groundwater Authority Groundwater Sustainability Agency,5-022.14,,5/30/17,,Eric Averett,(661) 589-6045,eaverett@rrbwsd.com,306,30.732073,1,2/25/18,6/29/17,Exclusive,JPA,N,N,NA,N,,N,,N,N
648592,Monmouth CDP,184,68,34500,306.223395,188,Central Kings Groundwater Sustainability Agency,5-022.08,,3/20/17,,Phillip Desatoff,(559) 896-1661,pdesatoff@cidwater.com,211,306.223395,1,2/25/18,7/1/17,Exclusive,Single,N,N,NA,N,,N,,N,N
648690,Montague city,1504,574,42500,2061.870381,224,Siskiyou County Flood Control and Water Conservation District,1-004,,4/18/17,,Elizabeth  Niels,530-842-8012,enielsen@co.siskiyou.ca.us,253,1338.054678,0.65,1/2/18,4/18/17,Exclusive,Single,N,N,NA,Y,Montague City (91%),Y,1,Y,Y
649488,Moss Landing CDP,200,70,30500,603.128018,23,Pajaro Valley Water Management Agency,3-002.01,,9/24/15,pvwater.org,Brian Lockwood,831-722-9292,lockwood@pvwater.org,6,112.638946,0.19,1/2/18,2/16/17,Exclusive,Single,N,N,NA,N,Alco Water Service (55%),N,,N,Y
649768,Mount Hebron CDP,88,33,25368,821.716354,224,Siskiyou County Flood Control and Water Conservation District,1-003,,4/18/17,,Elizabeth  Niels,530-842-8012,enielsen@co.siskiyou.ca.us,253,821.716354,1,1/2/18,4/18/17,Exclusive,Single,N,N,NA,N,,N,,N,Y
649796,Mount Hermon CDP,1027,385,48549,656.319589,301,Santa Margarita Groundwater Agency,3-027,Santa Margarita,6/21/17,http://scceh.com/Home/Programs/WaterResources.aspx,John Ricker,(831)454-2750,john.ricker@santacruzcounty.us,338,656.319589,1,1/2/18,11/22/17,Exclusive,JPA,N,Y,V,Y,Mt. Hermon Association Inc. (90%),N,,N,N
651042,Newell CDP,429,132,23182,2788.386954,213,Modoc County,1-002.01,Tulelake subbasin,3/30/17,www.co.modoc.ca.us,Tiffany  Martine,530-233-6201,tiffanymartinez@co.modoc.ca.us,236,1571.630242,0.56,1/2/18,3/30/17,Exclusive,Single,N,N,NA,Y,City of Tulelake (100%),S,1,N,Y
651042,Newell CDP,429,132,23182,2788.386954,231,Tulelake Irrigation District,1-002.01,,4/20/17,,Brad Kirby,5306672249,tid@cot.net,258,1216.756713,0.44,1/2/18,4/20/17,Exclusive,Single,N,N,NA,Y,City of Tulelake (100%),S,1,N,N
651392,Niland CDP,1063,409,17461,368.429103,21,County of Imperial,7-030,,9/15/15,www.ca.imperial.ca.us/index.asp,Ralph Cordova,442-265-1011,ralphcordova@co.imperial.ca.us,164,343.145069,0.93,2/25/18,5/25/17,Exclusive,Single,N,N,NA,Y,GSWC - Calipatria (90%),S,1,N,N
651392,Niland CDP,1063,409,17461,368.429103,47,Imperial Irrigation District,7-030,,12/18/15,www.iid.com,Tina  Shields,760-339-9038,tlshields@iid.com,158,343.145069,0.93,2/25/18,2/16/17,Exclusive,Single,N,N,NA,N,GSWC - Calipatria (90%),N,,N,N
651574,Nord CDP,239,88,31923,2283.708128,296,Butte County,5-021.57,Vina,10/27/15,http://www.buttecounty.net/,Paul Gosselin,530-538-4343,PGosselin@buttecounty.net,250,1434.22802,0.63,1/8/18,6/21/17,Exclusive,Single,N,N,NA,Y,,N,,N,Y
651574,Nord CDP,239,88,31923,2283.708128,128,Rock Creek Reclamation District,5-021.57,,11/14/16,,Paul Behr,530-345-3412,jminasian@minasianlaw.com,178,846.721958,0.37,1/8/18,6/21/17,Exclusive,Single,N,N,NA,N,,N,,N,N
652610,Nubieber CDP,15,7,0,852.84562,211,Lassen County,5-004,,4/19/17,http://www.co.lassen.ca.us/,Gaylon Norwood,(530) 251-8269,gnorwood@co.lassen.ca.us,240,852.84562,1,1/2/18,4/20/17,Exclusive,Single,N,N,NA,N,,N,,N,N
653378,Ocotillo CDP,221,64,21397,8034.455426,21,County of Imperial,7-029,,9/15/15,www.ca.imperial.ca.us/index.asp,Ralph Cordova,442-265-1011,ralphcordova@co.imperial.ca.us,164,7993.712451,0.99,2/25/18,5/25/17,Exclusive,Single,N,N,NA,Y,"Coyote Valley Mutual Water Co (6%), Ocotillo Mutual Water Co (1%)",N,,N,N
653490,Olancha CDP,287,112,41974,7767.709128,206,County of Inyo,6-012.01,OV-Inyo-GSA,3/30/17,www.inyowater.org,Bob Harrington,(760) 878-0001,bharrington@inyocounty.us,230,7767.709128,1,2/25/18,6/28/17,Exclusive,Single,N,N,NA,N,Camp Owen Water System (56%),N,,N,N
655044,Pajaro CDP,2957,537,29179,929.405477,23,Pajaro Valley Water Management Agency,3-002.01,,9/24/15,pvwater.org,Brian Lockwood,831-722-9292,lockwood@pvwater.org,6,929.405477,1,1/2/18,2/16/17,Exclusive,Single,N,N,NA,N,Pajaro Community Services District 99%),Y,1,N,Y
655086,Palermo CDP,5419,1871,42371,31340.65504,294,Butte County,5-021.69,Wyandotte Creek,10/27/15,http://www.buttecounty.net/,Paul Gosselin,530-538-4343,PGosselin@buttecounty.net,245,16185.13825,0.52,1/11/18,6/21/17,Pending,Single,N,N,NA,N,,N,,N,Y
655422,Palo Verde CDP,17,17,0,543.981734,21,County of Imperial,7-038,,9/15/15,www.ca.imperial.ca.us/index.asp,Ralph Cordova,442-265-1011,ralphcordova@co.imperial.ca.us,164,543.981734,1,2/25/18,5/25/17,Exclusive,Single,N,N,NA,Y,Palo Verde County Water District (34%),Y,1,N,N
655528,Paradise CDP,235,110,48864,4430.964749,228,Mono County GSA,6-012.01,,4/20/17,,Michael Draper,760-924-1805,mdraper@mono.ca.gov,257,1129.240548,0.25,2/26/18,5/16/17,Exclusive,Single,N,N,NA,N,,N,,N,N
655751,Parksdale CDP,3114,689,30069,1818.073833,76,Madera Irrigation District,5-022.06,,4/13/16,http://www.madera-id.org/,Thomas Greci,559-673-3514,TGreci@madera-id.org,19,1239.524638,0.68,2/25/18,2/16/17,Exclusive,Single,N,N,NA,N,Madera County Service Area No 3 Parksdale (35%),S,1,N,N
655842,Parkwood CDP,2879,596,31908,699.985932,76,Madera Irrigation District,5-022.06,,4/13/16,http://www.madera-id.org/,Thomas Greci,559-673-3514,TGreci@madera-id.org,19,693.872862,0.99,2/25/18,2/16/17,Exclusive,Single,N,N,NA,Y,Madera Cmd No 19 Parkwood (35%),S,1,N,N
656120,Patterson Tract CDP,2041,570,37688,1430.747784,239,Greater Kaweah Groundwater Sustainability Agency,5-022.11,,5/1/17,,Mark Larsen,559-747-5601,mlarsen@kdwcd.com,281,1429.332424,1,2/25/18,6/6/17,Exclusive,JPA,N,N,NA,N,"Patterson Tract CSD (8%), Sunrise Mutual Water Company (2%)",Y,1,N,Y
656294,Pearsonville CDP,23,6,0,4118.181506,145,Indian Wells Valley Groundwater Authority,6-054,,1/4/17,http://www.co.kern.ca.us/,Alan Christensen,661-868-3198,achristensen@co.kern.ca.us,35,4118.181506,1,2/25/18,10/4/17,Exclusive,JPA,N,N,NA,N,Oak Knolls Mutual Water Company (12%),N,,N,N
657070,Pine Canyon CDP,2243,642,46683,3283.896143,234,Salinas Valley Basin Groundwater Sustainability Agency,3-004.05,,4/27/17,http://www.salinasgroundwater.org/,Gary Petersen,(831) 758-7241,garyp@ci.salinas.ca.us,268,2140.41725,0.65,1/2/18,6/6/17,Exclusive,JPA,N,Y,S,N,Little Bear Water Company (97%),N,,N,Y
657372,Piru CDP,2078,559,46601,2672.190666,318,Fillmore and Piru Basins Groundwater Sustainability Agency,4-004.06,,6/28/17,,Kelly Long,(805) 654-2276,kelly.long@ventura.org,339,2405.136809,0.9,1/2/18,6/28/17,Exclusive,JPA,N,N,NA,Y,Warring Water Service (72%),N,,N,N
657512,Pixley CDP,3769,831,28179,3050.016845,112,Pixley Irrigation District,5-022.13,,8/16/16,http://www.ltrid.org/,Daniel Vink,559-686-4716,ltrid@ltrid.org,43,3050.016845,1,2/26/18,2/16/17,Exclusive,Single,N,N,NA,Y,Pixley Public Utility District (29%),Y,1,N,N
657568,Plainview CDP,858,203,25938,303.982939,274,East Kaweah Groundwater Sustainability Agency,5-022.11,,6/6/17,,Michael Hagman,559-562-2534,mhagman@lindmoreid.com,314,303.982939,1,2/25/18,6/7/17,Exclusive,JPA,N,N,NA,N,Plainview Mutual Water Company (25%),N,,N,Y
658191,Poplar-Cotton Center CDP,2764,704,21434,1259.32122,184,Eastern Tule Groundwater Sustainability Agency,5-022.13,,3/8/17,http://www.ci.porterville.ca.us/govt/,Michael Reed,559-782-7462,mreed@ci.porterville.ca.us,205,135.924695,0.11,2/25/18,6/7/17,Exclusive,JPA,N,N,NA,N,"Poplar Community Service District (33%), Williams Mutual Water Co (6%)",Y,1,N,Y
658191,Poplar-Cotton Center CDP,2764,704,21434,1259.32122,111,Lower Tule River Irrigation District,5-022.13,,8/5/16,http://www.ltrid.org/,Daniel Vink,559-686-4716,ltrid@ltrid.org,42,1123.277591,0.89,2/25/18,2/16/17,Exclusive,Single,N,N,NA,Y,"Poplar Community Service District (33%), Williams Mutual Water Co (6%)",Y,1,N,N
658814,Proberta CDP,280,103,34477,1566.444883,37,Tehama County Flood Control and Water Conservation District,5-021.50,,11/13/15,http://www.co.tehama.ca.us/,Ryan Teubert,530-385-1462,rteubert@tcpw.ca.gov,124,1566.444883,1,1/8/18,5/12/17,Exclusive,Single,N,N,NA,N,,N,,N,N
659604,Rancho Tehama Reserve CDP,2300,877,26046,12793.41968,37,Tehama County Flood Control and Water Conservation District,5-021.50,,11/13/15,http://www.co.tehama.ca.us/,Ryan Teubert,530-385-1462,rteubert@tcpw.ca.gov,124,12793.41968,1,1/8/18,5/12/17,Exclusive,Single,N,N,NA,Y,,N,,N,N
660592,Richfield CDP,278,114,42500,610.86568,37,Tehama County Flood Control and Water Conservation District,5-021.51,,11/13/15,http://www.co.tehama.ca.us/,Ryan Teubert,530-385-1462,rteubert@tcpw.ca.gov,124,592.13596,0.97,1/8/18,5/12/17,Exclusive,Single,N,N,NA,N,River View Mhc llc (25%),N,,N,N
660606,Richgrove CDP,3006,628,29792,440.648443,184,Eastern Tule Groundwater Sustainability Agency,5-022.13,,3/8/17,http://www.ci.porterville.ca.us/govt/,Michael Reed,559-782-7462,mreed@ci.porterville.ca.us,205,425.427046,0.97,2/25/18,6/7/17,Exclusive,JPA,N,N,NA,Y,Richgrove Community Services District (82%),Y,1,N,Y
661106,Riverdale Park CDP,922,251,26838,1513.860134,201,West Turlock Subbasin Groundwater Sustainability Agency,5-022.03,,3/27/17,,Michael Cooke,(209) 668-6045,mcooke@turlock.ca.us,225,1444.529831,0.95,2/28/18,5/1/17,Exclusive,JPA,N,N,NA,N,Riverdale Park Tract CSD (5%),Y,1,N,N
662168,Robbins CDP,355,152,38158,2751.740767,205,Reclamation District No. 1500,5-021.62,,4/7/17,,Max Sakato,5307384423,mssak.70@gmail.com,239,2522.422296,0.92,1/11/18,7/7/17,Exclusive,Single,N,N,NA,Y,Sutter Co. Wwd#1 (Robbins) (19%),S,1,N,N
662496,Rodriguez Camp CDP,192,39,27596,256.832759,92,Delano-Earlimart Irrigation District,5-022.13,,9/13/16,http://www.deid.org/,Dale Brogan,661-725-2526,dbrogan@deid.org,29,256.832759,1,2/25/18,2/16/17,Exclusive,Single,N,N,NA,N,Rodriguez Labor Camp (7.5%),N,,N,Y
663148,Round Valley CDP,436,164,45833,14043.75862,206,County of Inyo,6-012.01,OV-Inyo-GSA,3/30/17,www.inyowater.org,Bob Harrington,(760) 878-0001,bharrington@inyocounty.us,230,13597.01412,0.97,2/25/18,6/28/17,Exclusive,Single,N,N,NA,Y,"cdf - Owens Valley Conservation corp (4%), Pine Creek Village (1%)",N,,N,N
664294,Salton City CDP,3867,1277,33906,19692.07067,21,County of Imperial,7-022,,9/15/15,www.ca.imperial.ca.us/index.asp,Ralph Cordova,442-265-1011,ralphcordova@co.imperial.ca.us,164,19546.42533,0.99,2/25/18,5/25/17,Exclusive,Single,N,N,NA,Y,Coachelle Valley Water District (99%),S,1,N,N
664308,Salton Sea Beach CDP,757,259,19934,277.201231,21,County of Imperial,7-022,,9/15/15,www.ca.imperial.ca.us/index.asp,Ralph Cordova,442-265-1011,ralphcordova@co.imperial.ca.us,164,172.68165,0.62,2/25/18,5/25/17,Exclusive,Single,N,N,NA,Y,Coachella Valley Water District (95%),S,1,N,N
664476,San Ardo CDP,647,198,42333,440.510184,234,Salinas Valley Basin Groundwater Sustainability Agency,3-004.05,,4/27/17,http://www.salinasgroundwater.org/,Gary Petersen,(831) 758-7241,garyp@ci.salinas.ca.us,268,440.510184,1,1/2/18,6/6/17,Exclusive,JPA,N,Y,S,N,San Ardo Wd (27%),Y,1,N,Y
667126,San Joaquin city,4010,937,25545,1191.484797,62,James Irrigation District,5-022.08,,2/9/16,,Steve  Stadler,559-693-4356,sstadler@jamesid.org,12,1191.484797,1,2/25/18,2/16/17,Exclusive,MOU,N,N,NA,Y,City of San Joaquin (92%),Y,1,Y,N
668140,San Lucas CDP,243,63,45417,387.465197,234,Salinas Valley Basin Groundwater Sustainability Agency,3-004.05,,4/27/17,http://www.salinasgroundwater.org/,Gary Petersen,(831) 758-7241,garyp@ci.salinas.ca.us,268,387.465197,1,1/2/18,6/6/17,Exclusive,JPA,N,Y,S,N,San Lucas Wd (82%),Y,1,N,Y
670028,Santa Nella CDP,1164,478,30000,4596.476761,291,DM-II,5-022.07,,6/15/17,,Anthea Hansen,209-892-4470,ahansen@delpuertowd.org,301,776.323388,0.17,2/25/18,6/15/17,Exclusive,MOA,N,N,NA,N,Santa Nella County Water District (69%),Y,1,N,N
670028,Santa Nella CDP,1164,478,30000,4596.476761,52,San Joaquin River Exchange Contractors Water Authority,5-022.07,,12/29/15,http://www.sjrecwa.net/,Steve Chedester,209-827-8616,stevechedester@sjrecwa.net,10,1140.823703,0.25,2/26/18,2/21/17,Exclusive,JPA,N,N,NA,Y,Santa Nella County Water District (69%),Y,1,N,N
670322,Saticoy CDP,1212,278,35926,349.199803,313,Santa Paula Basin Outlying Areas,4-004.04,,6/28/17,http://vcpublicworks.org/,Arne Anselm,805.654.3942,Arne.Anselm@Ventura.org,346,148.606089,0.43,1/2/18,6/28/17,Exclusive,Single,N,N,NA,N,Venture Water Department (70%),S,1,N,N
670336,Sattley CDP,74,48,0,2213.555967,216,Sierra Valley Groundwater Management District,5-012.01,,4/1/17,http://sierravalleygmd.org/,Einen Grandi,530-428-5002,sierravalleygmd@sbcglobal.net,227,889.76557,0.4,1/2/18,4/1/17,Exclusive,Single,N,N,NA,N,,N,,N,N
670798,Seeley CDP,1214,393,26761,1128.088789,21,County of Imperial,7-030,,9/15/15,www.ca.imperial.ca.us/index.asp,Ralph Cordova,442-265-1011,ralphcordova@co.imperial.ca.us,164,1128.088789,1,2/25/18,5/25/17,Exclusive,Single,N,N,NA,Y,Seeley CWD (99%),Y,1,N,N
670798,Seeley CDP,1214,393,26761,1128.088789,47,Imperial Irrigation District,7-030,,12/18/15,www.iid.com,Tina  Shields,760-339-9038,tlshields@iid.com,158,1128.088789,1,2/25/18,2/16/17,Exclusive,Single,N,N,NA,N,Seeley CWD (99%),Y,1,N,N
671414,Sheridan CDP,1465,415,47719,27609.72289,202,South Sutter Water District,5-021.64,,3/27/17,,Brad Arnold,530-656-2242,sswd@hughes.net,233,4930.690629,0.18,1/11/18,6/9/17,Exclusive,Single,N,N,NA,N,Placer CSA - Sheridan (10%) ,S,1,N,N
671774,Sierra Brooks CDP,418,164,41250,1480.893485,216,Sierra Valley Groundwater Management District,5-012.01,,4/1/17,http://sierravalleygmd.org/,Einen Grandi,530-428-5002,sierravalleygmd@sbcglobal.net,227,1475.459877,1,1/2/18,4/1/17,Exclusive,Single,N,N,NA,N, Sierra Brooks Psd (41%),Y,1,N,N
671848,Sierraville CDP,133,46,32500,5415.609412,216,Sierra Valley Groundwater Management District,5-012.01,,4/1/17,http://sierravalleygmd.org/,Einen Grandi,530-428-5002,sierravalleygmd@sbcglobal.net,227,4072.673828,0.75,1/2/18,4/1/17,Exclusive,Single,N,N,NA,Y,Sierraville Public Utilities District (12%),Y,1,N,N
672380,Smith River CDP,871,307,32426,4610.617657,262,County of Del Norte,1-001,,5/30/17,http://www.co.del-norte.ca.us/,Randy Hooper,707-464-7254,rhooper@co.del-norte.ca.us,305,2973.613083,0.64,1/2/18,5/30/17,Exclusive,Single,N,N,NA,Y,Smith River Community Services District (56%),Y,1,N,N
672408,Snelling CDP,116,68,38333,550.727658,217,East Turlock Subbasin GSA,5-022.03,,4/3/17,eastsidewaterdistrict.com,Kevin Kauffman,(209) 478-4940,kauffmankevin@comcast.net,238,550.720269,1,2/25/18,7/7/17,Exclusive,JPA,N,N,NA,N,,N,,N,N
672954,South Dos Palos CDP,2464,561,44180,1541.659123,210,Merced County,5-022.07,Delta-Mendota,3/28/17,www.countyofmerced.com,Lacey Kiriakou,209-385-7654,lkiriakou@countyofmerced.com,231,956.257906,0.62,2/26/18,3/28/17,Exclusive,Single,N,N,NA,N,City of Dos Palos (85%),S,1,N,N
672954,South Dos Palos CDP,2464,561,44180,1541.659123,52,San Joaquin River Exchange Contractors Water Authority,5-022.07,,12/29/15,http://www.sjrecwa.net/,Steve Chedester,209-827-8616,stevechedester@sjrecwa.net,10,583.723136,0.38,2/26/18,2/21/17,Exclusive,JPA,N,N,NA,Y,Dos Palo City (85%),S,1,N,N
673178,South Oroville CDP,6058,1665,33605,3154.933029,294,Butte County,5-021.69,Wyandotte Creek,10/27/15,http://www.buttecounty.net/,Paul Gosselin,530-538-4343,PGosselin@buttecounty.net,245,2840.885733,0.9,1/11/18,6/21/17,Pending,Single,N,N,NA,N,Cal-Water Service Co.-Oroville (15%),N,,N,Y
673178,South Oroville CDP,6058,1665,33605,3154.933029,61,Oroville  City Of,5-021.69,,2/9/16,www.cityoforoville.org,Donald  Rust,5305382433,drust@cityoforoville.org,130,313.075036,0.1,1/11/18,6/29/17,Exclusive,Single,N,N,NA,N,Cal-Water Service Co.-Oroville (15%),N,,N,N
675280,Strathmore CDP,3626,825,26250,1395.931061,274,East Kaweah Groundwater Sustainability Agency,5-022.11,,6/6/17,,Michael Hagman,559-562-2534,mhagman@lindmoreid.com,314,1395.931061,1,2/25/18,6/7/17,Exclusive,JPA,N,N,NA,N,"Strathmore Public Utility District (67%), LSID - Strathmore System (32%)",Y,2,N,Y
678106,Tehama city,397,163,47679,867.841205,37,Tehama County Flood Control and Water Conservation District,5-021.50,,11/13/15,http://www.co.tehama.ca.us/,Ryan Teubert,530-385-1462,rteubert@tcpw.ca.gov,124,867.841205,1,1/8/18,5/12/17,Exclusive,Single,N,Y,V,Y,City of Tehama (99%),Y,1,Y,N
678336,Teviston CDP,1823,407,24267,2123.549848,112,Pixley Irrigation District,5-022.13,,8/16/16,http://www.ltrid.org/,Daniel Vink,559-686-4716,ltrid@ltrid.org,43,2123.549848,1,2/26/18,2/16/17,Exclusive,Single,N,N,NA,Y,Teviston CSD (14%),Y,1,N,N
678456,Thermal CDP,3570,949,26344,8747.084533,73,Coachella Water Authority,7-021.01,,4/13/16,,Maritza Martinez,760-501-8111,mmartinez@coachella.org,84,1466.480468,0.17,2/25/18,2/16/17,Exclusive,Single,N,N,NA,Y,Coachella Valley Water District (99%),S,1,N,N
678470,Thermalito CDP,6911,2265,35156,13850.85146,295,Butte County,5-021.59,East Butte,10/27/15,http://www.buttecounty.net/,Paul Gosselin,530-538-4343,PGosselin@buttecounty.net,251,9766.405047,0.71,1/8/18,6/26/17,Exclusive,Single,N,N,NA,Y,Thermalito Water and Sewer District (27%),Y,1,N,Y
678470,Thermalito CDP,6911,2265,35156,13850.85146,45,Thermalito Water and Sewer District,5-021.59,,12/3/15,http://www.twsd.info/,Christopher Hein,530-533-0740,cheindell@twsd.info,126,3953.049437,0.29,1/8/18,2/16/17,Exclusive,Single,N,N,NA,Y,Thermalito Water and Sewer District (27%),Y,1,N,N
678652,Three Rocks CDP,51,11,0,743.987482,105,Westlands Water District,5-022.09,,8/3/16,http://wwd.ca.gov/,Kiti Campbell,559-241-6226,kcampbell@westlandswater.org,40,743.987482,1,2/28/18,5/30/17,Exclusive,Single,N,N,NA,Y,Fcsa #30/ El Porvenir (6%),S,1,N,N
678750,Tipton CDP,2327,584,32239,990.856475,111,Lower Tule River Irrigation District,5-022.13,,8/5/16,http://www.ltrid.org/,Daniel Vink,559-686-4716,ltrid@ltrid.org,42,990.856475,1,2/25/18,2/16/17,Exclusive,Single,N,N,NA,Y,"Tipton CSD (98%), Tract 403 Mutual Water Company (1%)",Y,1,N,N
678949,Tooleville CDP,387,124,29125,65.901786,274,East Kaweah Groundwater Sustainability Agency,5-022.11,,6/6/17,,Michael Hagman,559-562-2534,mhagman@lindmoreid.com,314,65.901786,1,2/25/18,6/7/17,Exclusive,JPA,N,N,NA,N,Tooleville Mutual Non Profit Water Assocation,N,,N,Y
680280,Traver CDP,910,195,38359,835.995141,74,Kings River East Groundwater Sustainability Agency,5-022.08,,4/13/16,www.altaid.org,Chris Kapheim,559-358-8228,cmk@altaid.org,18,835.995141,1,2/25/18,2/16/17,Exclusive,AD,N,N,NA,N,Del Oro Traver District (21%),N,,N,N
680686,Tulelake city,1029,383,35208,477.284303,231,Tulelake Irrigation District,1-002.01,,4/20/17,,Brad Kirby,5306672249,tid@cot.net,258,96.782752,0.2,1/2/18,4/20/17,Exclusive,Single,N,N,NA,Y,Tulelake City (100%),Y,1,Y,N
680882,Tuttle CDP,17,8,0,1781.966429,268,Merced Irrigation-Urban Groundwater Sustainability Agency (MIUGS,5-022.04,,5/31/17,www.mercedid.org,Hicham Eltal,209-354-2854,heltal@mercedid.org,311,1781.966429,1,2/26/18,6/1/17,Exclusive,MOU,N,N,NA,N,,N,,N,N
681302,University of California-Davis CDP,6735,912,25462,1532.339077,310,Yolo Subbasin Groundwater Agency,5-021.67,,6/26/17,http://yologroundwater.org/,Tim O'Halloran,5306813354,tohalloran@ycfcwcd.org,217,1532.339077,1,1/11/18,6/30/17,Exclusive,JPA,N,Y,V,Y,UC Davis (99%),N,,N,N
681312,University of California-Merced CDP,0,0,0,1144.494221,207,Merced Subbasin GSA,5-022.04,,3/28/17,www.countyofmerced.com,Lacey Kiriakou,209-385-7654,lkiriakou@countyofmerced.com,219,1143.015831,1,2/26/18,3/28/17,Exclusive,JPA,N,N,NA,N,,N,,N,N
681792,Valley Home CDP,292,93,36964,1053.350521,199,Oakdale Irrigation District Eastern San Joaquin Sub-basin Ground,5-022.01,,3/22/17,www.oakdaleirrigation.com,Eric Thorburn,(209) 840-5525,ethorburn@oakdaleirrigation.com,228,1053.350521,1,2/26/18,6/23/17,Exclusive,Single,N,N,NA,N,,N,,N,N
682562,Victor CDP,605,144,19259,1300.669502,69,North San Joaquin Water Conservation District,5-022.01,,3/1/16,www.nsjgroundwater.org,Jennifer Spalett,209-224-5568,jennifer@spalettalaw.com,159,1300.669502,1,2/26/18,6/22/17,Exclusive,Single,N,N,NA,N,San Joaquin Water Works #2 (9%),S,1,N,N
682786,Vina CDP,161,79,26250,1473.307815,37,Tehama County Flood Control and Water Conservation District,5-021.57,,11/13/15,http://www.co.tehama.ca.us/,Ryan Teubert,530-385-1462,rteubert@tcpw.ca.gov,124,1470.262847,1,1/8/18,5/12/17,Exclusive,Single,N,N,NA,N,"Abbey of New Clairvau (10%), Friendly Acres mhp (6%)",N,,N,N
683108,Volta CDP,257,79,42464,4467.523291,210,Merced County,5-022.07,Delta-Mendota,3/28/17,www.countyofmerced.com,Lacey Kiriakou,209-385-7654,lkiriakou@countyofmerced.com,231,1153.913451,0.26,2/26/18,3/28/17,Exclusive,Single,N,N,NA,Y,Volta Community Sd (2%),Y,1,N,N
683108,Volta CDP,257,79,42464,4467.523291,52,San Joaquin River Exchange Contractors Water Authority,5-022.07,,12/29/15,http://www.sjrecwa.net/,Steve Chedester,209-827-8616,stevechedester@sjrecwa.net,10,3199.660836,0.72,2/26/18,2/21/17,Exclusive,JPA,N,N,NA,Y,Volta Community sd (2%),Y,1,N,N
683724,Waukena CDP,173,51,46750,926.55838,25,Mid-Kaweah Groundwater Subbasin Joint Powers Authority,5-022.11,,10/1/15,,Paul Hendrix,559-686-3425,jph@tulareid.org,7,926.55838,1,2/26/18,2/16/17,Exclusive,JPA,N,N,NA,Y,,N,,N,Y
683863,Weedpatch CDP,2170,583,28075,3424.201039,263,Kern Groundwater Authority Groundwater Sustainability Agency,5-022.14,,5/30/17,,Eric Averett,(661) 589-6045,eaverett@rrbwsd.com,306,576.265073,0.17,2/25/18,6/29/17,Exclusive,JPA,N,N,NA,N,Lamont Public Utility District (16%),S,1,N,N
683863,Weedpatch CDP,2170,583,28075,3424.201039,78,Kern River Groundwater Sustainability Agency,5-022.14,,4/21/16,,Art Chianello,661-326-3715,achianel@bakersfieldcity.us,20,2843.125812,0.83,2/25/18,2/16/17,Exclusive,MOU,N,N,NA,Y,Lamont Public Utility District (16%),S,1,N,N
684345,West Goshen CDP,633,165,20350,1164.109204,239,Greater Kaweah Groundwater Sustainability Agency,5-022.11,,5/1/17,,Mark Larsen,559-747-5601,mlarsen@kdwcd.com,281,1164.109204,1,2/25/18,6/6/17,Exclusive,JPA,N,S,V,N,California Water Service Co - Visalia,N,,N,Y
684480,Westley CDP,853,174,18462,1778.01627,67,West Stanislaus Irrigation District,5-022.07,1,2/25/16,,Robert  Pierce,209-894-3091,bobby.pierce@weststanislausid.org,13,1762.599633,0.99,2/28/18,2/16/17,Exclusive,Single,N,N,NA,N,"Hillsview Homes (80%), Westley CSD (6%)",Y,1,N,N
684606,Westmorland city,1747,526,22372,538.861326,21,County of Imperial,7-030,,9/15/15,www.ca.imperial.ca.us/index.asp,Ralph Cordova,442-265-1011,ralphcordova@co.imperial.ca.us,164,538.861326,1,2/25/18,5/25/17,Exclusive,Single,N,N,NA,Y,Westmorland City (76%),Y,1,Y,N
684606,Westmorland city,1747,526,22372,538.861326,47,Imperial Irrigation District,7-030,,12/18/15,www.iid.com,Tina  Shields,760-339-9038,tlshields@iid.com,158,538.861326,1,2/25/18,2/16/17,Exclusive,Single,N,N,NA,Y,Westmorland City (76%),Y,1,Y,N
685208,Whitewater CDP,469,172,15500,9206.605194,42-1,Desert Water Agency,7-021.01,Statutory Area,11/24/15,www.dwa.org,Mark Krause,(760) 323-4971,mkrause@dwa.org,168,6991.046,0.76,2/25/18,2/16/17,Exclusive,Single,N,N,NA,N,"Mission Springs Wd (84%), West Palm Springs Village (6.5%), Palm Springs Crest (3%)",S,1,N,N
686020,Winterhaven CDP,151,105,21793,220.972337,21,County of Imperial,7-036,,9/15/15,www.ca.imperial.ca.us/index.asp,Ralph Cordova,442-265-1011,ralphcordova@co.imperial.ca.us,164,220.972337,1,2/25/18,5/25/17,Exclusive,Single,N,N,NA,N,Winterhaven County Water District (39%),Y,1,N,N
686300,Woodlake city,7452,2004,35509,2818.956637,239,Greater Kaweah Groundwater Sustainability Agency,5-022.11,,5/1/17,,Mark Larsen,559-747-5601,mlarsen@kdwcd.com,281,2764.010017,0.98,2/25/18,6/6/17,Exclusive,JPA,N,N,NA,N,Woodlake City (90%),Y,1,Y,Y
686482,Woodville CDP,1961,446,34750,4273.602101,111,Lower Tule River Irrigation District,5-022.13,,8/5/16,http://www.ltrid.org/,Daniel Vink,559-686-4716,ltrid@ltrid.org,42,4273.602101,1,2/25/18,2/16/17,Exclusive,Single,N,N,NA,Y,Woodville Public Utility District (11%),Y,1,N,N
686944,Yreka city,7675,3246,26385,11566.50687,224,Siskiyou County Flood Control and Water Conservation District,1-004,,4/18/17,,Elizabeth  Niels,530-842-8012,enielsen@co.siskiyou.ca.us,253,2539.190138,0.22,1/2/18,4/18/17,Exclusive,Single,N,N,NA,Y,"Yreka City (98%), ",Y,1,Y,Y
600535,Airport CDP,1547,472,21607,609.861884,176,Stanislaus and Tuolumne Rivers Groundwater Basin Association,5-022.02,,2/28/17,www.mid.org,John Davids,209-529-7564,John.Davids@mid.org,192,608.600158,1,2/28/18,5/30/17,Exclusive,MOU,S,S,V,N,Modesto City (100%),S,1,N,N
603209,August CDP,8479,2259,28518,1290.910207,354,San Joaquin County No. 2,5-022.01,,1/5/16,http://www.sjgov.org/,Brandon Nakagawa,(209) 468-3089,bnakagawa@sjgov.org,389,1278.239381,0.99,1/11/18,7/20/17,Exclusive,MOA,S,S,VL,N,"Cal Water, stockton (98%), Sahara Mobile Court (2%)",N,,N,N
606336,Bieber CDP,127,49,42083,1912.021465,211,Lassen County,5-004,,4/19/17,http://www.co.lassen.ca.us/,Gaylon Norwood,(530) 251-8269,gnorwood@co.lassen.ca.us,240,1912.021465,1,1/2/18,4/20/17,Exclusive,Single,S,S,E,N,Lassen County Water District #1 (27%),S,1,N,N
608172,Bret Harte CDP,4998,1224,28279,560.471737,201,West Turlock Subbasin Groundwater Sustainability Agency,5-022.03,,3/27/17,,Michael Cooke,(209) 668-6045,mcooke@turlock.ca.us,225,560.471737,1,2/28/18,5/1/17,Exclusive,JPA,S,S,V,N,Modesto City (100%),S,1,N,N
609353,Bystrom CDP,3805,1160,25543,742.864395,201,West Turlock Subbasin Groundwater Sustainability Agency,5-022.03,,3/27/17,,Michael Cooke,(209) 668-6045,mcooke@turlock.ca.us,225,737.088702,0.99,2/28/18,5/1/17,Exclusive,JPA,S,S,V,N,Modesto City (100%),S,1,N,N
609864,Calimesa city,8143,3351,42392,13856.2962,324,San Timoteo Subbasin Groundwater Sustainability Agency,8-002.08,ST-GSA,6/29/17,http://www.yvwd.dst.ca.us/home,Ashley Gibson,(909)790-3311,agibson@yvwd.dst.ca.us,344,1942.030878,0.14,2/28/18,6/30/17,Exclusive,MOA,S,S,V,Y,"Yucaipa Valley Water District (30%), South Mesa Wc (12%), Plantation on the Lake Park (2%)",S,1,Y,N
610004,Calpine CDP,189,99,25938,769.992741,216,Sierra Valley Groundwater Management District,5-012.01,,4/1/17,http://sierravalleygmd.org/,Einen Grandi,530-428-5002,sierravalleygmd@sbcglobal.net,227,615.340692,0.8,1/2/18,4/1/17,Exclusive,Single,S,S,V,Y,Sierra Co. W.W.D. #1 Calpine (11%),S,1,N,N
610032,Calwa CDP,1330,330,18625,623.059306,148,North Kings Groundwater Sustainability Agency,5-022.08,,1/13/17,,Gary  Serrato,559-233-7161,Gserrato@fresnoirrigation.com,65,623.059306,1,2/26/18,2/16/17,Exclusive,JPA,S,S,V,N,City of Fresno (100%),S,1,N,Y
613157,China Lake Acres CDP,1376,607,21970,5060.260643,145,Indian Wells Valley Groundwater Authority,6-054,,1/4/17,http://www.co.kern.ca.us/,Alan Christensen,661-868-3198,achristensen@co.kern.ca.us,35,5060.260643,1,2/25/18,10/4/17,Exclusive,JPA,S,S,V,N,"Indian Wells Valley W.D. (45%), Dune 3 Mutual Water Company (35%), Inyokern CSD (2%), Sierra Breeze Mutual Water Company (1%)",S,1,N,N
618450,Delft Colony CDP,164,63,8456,65.155835,74,Kings River East Groundwater Sustainability Agency,5-022.08,,4/13/16,www.altaid.org,Chris Kapheim,559-358-8228,cmk@altaid.org,18,65.155835,1,2/25/18,2/16/17,Exclusive,AD,S,S,V,N,Delft Colony Water (98%),S,1,N,N
618926,Derby Acres CDP,324,145,34792,3443.810034,104,West Kern Water District,5-022.14,,8/3/16,http://www.wkwd.org/,Harry Starkey,661-763-3151,Harry@wkwd.org,39,3443.616929,1,2/28/18,5/25/17,Exclusive,Single,S,S,E,N,"West Kern Water District (66%), Aera Energy Llc (34%)",S,1,N,N
618986,Desert Edge CDP,4244,2184,30579,2113.012277,39,Coachella Valley Water District,7-021.02,,11/13/15,www.cvwd.org,Patti Reyes,(760) 398-2661 x,preyes@cvwd.org,166,242.321054,0.11,2/25/18,2/12/18,Exclusive,Single,S,S,E,N,"Coachella Valley Water District (70%), Mission Springs Water District (30%)",S,2,N,N
620284,Dustin Acres CDP,295,128,48269,3533.051632,104,West Kern Water District,5-022.14,,8/3/16,http://www.wkwd.org/,Harry Starkey,661-763-3151,Harry@wkwd.org,39,3532.111295,1,2/28/18,5/25/17,Exclusive,Single,S,S,E,N,West Kern Water District (100%),S,1,N,N
621012,East Porterville CDP,6585,1660,31900,2942.267838,184,Eastern Tule Groundwater Sustainability Agency,5-022.13,,3/8/17,http://www.ci.porterville.ca.us/govt/,Michael Reed,559-782-7462,mreed@ci.porterville.ca.us,205,2813.963261,0.96,2/25/18,6/7/17,Exclusive,JPA,S,S,V,Y,City of Porterville,S,1,N,Y
622622,Empire CDP,4296,1295,31446,1598.489232,176,Stanislaus and Tuolumne Rivers Groundwater Basin Association,5-022.02,,2/28/17,www.mid.org,John Davids,209-529-7564,John.Davids@mid.org,192,1598.489232,1,2/28/18,5/30/17,Exclusive,MOU,S,S,V,Y,Modesto City (76%),S,1,N,N
623210,Fairmead CDP,1983,401,31058,7792.436823,156,County of Madera,5-022.06,2,2/9/17,http://www.madera-county.com/,Julia Berry,559-675-7821,julia.berry@ca.madera.ca.gov,69,2877.969377,0.37,2/25/18,5/11/17,Exclusive,Single,S,S,E,Y,md#33 Fairmead (1.7%),S,1,N,N
624764,Ford City CDP,4154,1323,32134,1472.988275,104,West Kern Water District,5-022.14,,8/3/16,http://www.wkwd.org/,Harry Starkey,661-763-3151,Harry@wkwd.org,39,1472.988275,1,2/28/18,5/25/17,Exclusive,Single,S,S,E,N,West Kern Water District (100%),S,1,N,N
627014,Friant CDP,263,181,18884,1307.634482,148,North Kings Groundwater Sustainability Agency,5-022.08,,1/13/17,,Gary  Serrato,559-233-7161,Gserrato@fresnoirrigation.com,65,1058.615483,0.81,2/26/18,2/16/17,Exclusive,JPA,S,S,V,N,Fcwwd #18/Friant (30%),S,1,N,Y
627130,Fruitridge Pocket CDP,5802,1557,32853,637.072184,106,Sacramento Central Groundwater Authority,5-021.65,GSA-1,8/3/16,,Darrell Eck,916-874-6851,eckd@saccounty.net,147,637.072184,1,1/11/18,2/16/17,Exclusive,JPA,S,S,V,Y,"City of Sacramento (80%), Fruitridge Vista Water District (20%)",S,2,N,N
629112,Garnet CDP,6380,1928,37910,7345.768154,39,Coachella Valley Water District,7-021.01,,11/13/15,www.cvwd.org,Patti Reyes,(760) 398-2661 x,preyes@cvwd.org,166,4644.124,0.64,2/25/18,2/12/18,Exclusive,Single,S,S,E,N,"Coachella Valley Water District (64%), Mission Springs Water District (31%)",S,2,N,N
630028,Glen Ellen CDP,614,354,48750,2192.514335,292,Sonoma Valley Groundwater Sustainability Agency,2-002.02,,6/15/17,,Daniel Muelrath,7079961037,dmuelrath@vomwd.com,263,571.9444,0.26,1/2/18,6/15/17,Exclusive,JPA,S,S,V,N,Valley of the Moon Water District (34%),S,1,N,Y
631288,Grimes CDP,419,123,40947,2404.370583,322,Colusa Groundwater Authority,5-021.52,,6/29/17,http://countyofcolusa.org/index.aspx?nid=656,Mary  Fahey,530-458-0719,mfahey@countyofcolusa.org,323,2404.370583,1,1/8/18,7/7/17,Exclusive,JPA,S,S,V,Y,"Colusa County Waterworks #1, Grimes (10%)",S,1,N,N
633504,Hickman CDP,479,170,48000,1108.442095,201,West Turlock Subbasin Groundwater Sustainability Agency,5-022.03,,3/27/17,,Michael Cooke,(209) 668-6045,mcooke@turlock.ca.us,225,1078.93269,0.97,2/28/18,5/1/17,Exclusive,JPA,S,N,NA,Y,Waterford - Hickman (22%),S,1,N,N
634316,Homeland CDP,5921,1967,36516,3962.313647,150,West San Jacinto Groundwater Sustainability Agency,8-005,,1/24/17,,Michael  Nusser,(951) 928-3777 x,nusserm@emwd.org,28,2083.808844,0.53,2/28/18,2/16/17,Exclusive,Single,S,S,E,N,Eastern Municipal Water District (100%),S,1,N,Y
638065,Kennedy CDP,3487,847,37675,1247.770971,354,San Joaquin County No. 2,5-022.01,,1/5/16,http://www.sjgov.org/,Brandon Nakagawa,(209) 468-3089,bnakagawa@sjgov.org,389,1057.965034,0.85,1/11/18,7/20/17,Exclusive,MOA,S,S,VL,N,"Cal Water, stockton (87%), V & P Trailer Court Water System",N,,N,N
639836,Lakeview CDP,1723,443,47383,3030.995568,150,West San Jacinto Groundwater Sustainability Agency,8-005,,1/24/17,,Michael  Nusser,(951) 928-3777 x,nusserm@emwd.org,28,3030.995568,1,2/28/18,2/16/17,Exclusive,Single,S,S,E,N,"Eastern Municipal Water District (59%), Nuevo Water Company (41%)",S,1,N,Y
642580,Lone Pine CDP,2017,831,31838,19106.33951,206,County of Inyo,6-012.01,OV-Inyo-GSA,3/30/17,www.inyowater.org,Bob Harrington,(760) 878-0001,bharrington@inyocounty.us,230,14594.14589,0.76,2/25/18,6/28/17,Exclusive,Single,S,S,E,N,Inyo County Pwd - Lone Pine (3%),S,1,N,N
645736,Maricopa city,1158,395,33750,1437.494665,104,West Kern Water District,5-022.14,,8/3/16,http://www.wkwd.org/,Harry Starkey,661-763-3151,Harry@wkwd.org,39,1361.004109,0.95,2/28/18,5/25/17,Exclusive,Single,S,S,E,N,West Kern Water District (100%),S,1,Y,N
646400,Mayfair CDP,4512,1306,40625,517.177559,148,North Kings Groundwater Sustainability Agency,5-022.08,,1/13/17,,Gary  Serrato,559-233-7161,Gserrato@fresnoirrigation.com,65,517.177559,1,2/26/18,2/16/17,Exclusive,JPA,S,S,V,N,City of Fresno (100%),S,1,N,Y
644760,McClellan Park CDP,1103,275,23977,4248.972796,31,Sacramento Groundwater Authority,5-021.64,,10/27/15,http://www.sgah2o.org/sga/,John Woodling,916-967-7692,jwoodling@rwah2o.org,118,4248.972796,1,1/11/18,2/16/17,Exclusive,JPA,S,S,V,N," Rio Linda/Elverta Community Water Dist (2%), Sacramento Suburban Water District (2%)",S,2,N,N
644924,McKittrick CDP,112,38,43000,2520.170923,104,West Kern Water District,5-022.14,,8/3/16,http://www.wkwd.org/,Harry Starkey,661-763-3151,Harry@wkwd.org,39,2295.446411,0.91,2/28/18,5/25/17,Exclusive,Single,S,S,E,N,West Kern Water District (100%),S,1,N,N
646660,Mecca CDP,8912,1986,26473,6432.98721,39,Coachella Valley Water District,7-021.01,,11/13/15,www.cvwd.org,Patti Reyes,(760) 398-2661 x,preyes@cvwd.org,166,6432.98721,1,2/25/18,2/12/18,Exclusive,Single,S,S,E,Y,Coachella Valley Water District: Cove Community (99%),S,1,N,N
648676,Monson CDP,191,48,41667,487.96685,74,Kings River East Groundwater Sustainability Agency,5-022.08,,4/13/16,www.altaid.org,Chris Kapheim,559-358-8228,cmk@altaid.org,18,487.96685,1,2/25/18,2/16/17,Exclusive,AD,S,S,S,N,Sultana CSD,S,1,N,N
652162,North Richmond CDP,3926,1078,35288,1597.555522,113,East Bay Municipal Utility District,2-009.04,,8/29/16,,Alice Towey,510-287-1105,Alice.Towey@ebmud.com,104,1459.512153,0.91,1/2/18,3/6/17,Exclusive,Single,S,S,E,Y,East Bay Mud (96%),S,1,N,N
652302,North Shore CDP,3184,700,24853,10318.11316,39,Coachella Valley Water District,7-021.01,,11/13/15,www.cvwd.org,Patti Reyes,(760) 398-2661 x,preyes@cvwd.org,166,1492.94896,0.14,2/25/18,2/12/18,Exclusive,Single,S,S,E,N,"Coachella Valley Water District: Cove Community (86%), ",S,1,N,N
653224,Oasis CDP,5807,1297,24293,18127.30588,39,Coachella Valley Water District,7-021.01,,11/13/15,www.cvwd.org,Patti Reyes,(760) 398-2661 x,preyes@cvwd.org,166,18127.30588,1,2/25/18,2/12/18,Exclusive,Single,S,S,E,Y,Coachella Valley Water District (99%),S,1,N,N
655728,Parklawn CDP,1191,348,42105,169.762838,201,West Turlock Subbasin Groundwater Sustainability Agency,5-022.03,,3/27/17,,Michael Cooke,(209) 668-6045,mcooke@turlock.ca.us,225,169.762838,1,2/28/18,5/1/17,Exclusive,JPA,S,S,V,N,Modesto City (91%),S,1,N,N
655751,Parksdale CDP,3114,689,30069,1818.073833,156,County of Madera,5-022.06,2,2/9/17,http://www.madera-county.com/,Julia Berry,559-675-7821,julia.berry@ca.madera.ca.gov,69,576.090149,0.32,2/25/18,5/11/17,Exclusive,Single,S,S,E,Y,Madera County Service Area No 3 Parksdale (35%),S,1,N,N
659290,Raisin City CDP,232,59,18750,755.744205,232,McMullin Area GSA,5-022.08,,4/21/17,www.co.fresno.ca.us,Bernard Jimenez,(559)600-4234,bjimenez@co.fresno.ca.us,266,755.744205,1,2/25/18,4/21/17,Exclusive,JPA,S,S,V,Y,Fcsa # 43/Raisin City (36%),S,1,N,N
662700,Rollingwood CDP,2832,644,48974,174.979412,113,East Bay Municipal Utility District,2-009.04,,8/29/16,,Alice Towey,510-287-1105,Alice.Towey@ebmud.com,104,93.6784,0.54,1/2/18,3/6/17,Exclusive,Single,S,S,E,Y,East Bay Mud (100%),S,1,N,N
663168,Rouse CDP,1757,515,23618,243.562107,176,Stanislaus and Tuolumne Rivers Groundwater Basin Association,5-022.02,,2/28/17,www.mid.org,John Davids,209-529-7564,John.Davids@mid.org,192,243.562107,1,2/28/18,5/30/17,Exclusive,MOU,S,S,V,N,Modesto City (100%),S,1,N,N
671078,Seville CDP,437,91,34219,631.094007,74,Kings River East Groundwater Sustainability Agency,5-022.08,,4/13/16,www.altaid.org,Chris Kapheim,559-358-8228,cmk@altaid.org,18,631.094007,1,2/25/18,2/16/17,Exclusive,AD,S,S,V,N,Seville Water Company (29%),S,1,N,N
671414,Sheridan CDP,1465,415,47719,27609.72289,259,West Placer Groundwater Sustainability Agency,5-021.64,,6/9/17,,Brett Storey,(530) 745-3011,BStorey@placer.ca.gov,209,21949.70912,0.79,1/11/18,6/9/17,Exclusive,MOU,S,S,V,N,Placer CSA - Sheridan (10%) ,S,1,N,N
672156,Sky Valley CDP,2493,973,34107,22645.7344,39,Coachella Valley Water District,7-021.02,,11/13/15,www.cvwd.org,Patti Reyes,(760) 398-2661 x,preyes@cvwd.org,166,2440.745055,0.11,2/25/18,2/12/18,Exclusive,Single,S,S,E,N,Coachella Valley Water District (99%),S,1,N,N
672338,Smith Corner CDP,661,137,36063,212.361137,263,Kern Groundwater Authority Groundwater Sustainability Agency,5-022.14,,5/30/17,,Eric Averett,(661) 589-6045,eaverett@rrbwsd.com,306,212.361137,1,2/25/18,6/29/17,Exclusive,JPA,S,S,V,Y,Shafter City (100%),S,1,N,N
673388,South Taft CDP,1680,471,39784,1032.015462,104,West Kern Water District,5-022.14,,8/3/16,http://www.wkwd.org/,Harry Starkey,661-763-3151,Harry@wkwd.org,39,1032.015462,1,2/28/18,5/25/17,Exclusive,Single,S,S,E,N,West Kern Water District (100%),S,1,N,N
677595,Taft Mosswood CDP,1398,340,31829,500.348608,354,San Joaquin County No. 2,5-022.01,,1/5/16,http://www.sjgov.org/,Brandon Nakagawa,(209) 468-3089,bnakagawa@sjgov.org,389,465.863535,0.93,1/11/18,7/20/17,Exclusive,MOA,S,S,VL,N,"Cal Water, stockton (100%)",N,,N,N
678126,Temelec CDP,1505,948,40000,1651.008725,292,Sonoma Valley Groundwater Sustainability Agency,2-002.02,,6/15/17,,Daniel Muelrath,7079961037,dmuelrath@vomwd.com,263,1345.788457,0.82,1/2/18,6/15/17,Exclusive,JPA,S,S,V,N,Valley of the Moon Water District (26%),S,1,N,Y
678288,Terra Bella CDP,2912,687,24489,2663.127851,184,Eastern Tule Groundwater Sustainability Agency,5-022.13,,3/8/17,http://www.ci.porterville.ca.us/govt/,Michael Reed,559-782-7462,mreed@ci.porterville.ca.us,205,2663.127851,1,2/25/18,6/7/17,Exclusive,JPA,S,S,V,Y,Terra Bella Irrigation District _ Tbt (85%),S,1,N,Y
678456,Thermal CDP,3570,949,26344,8747.084533,39,Coachella Valley Water District,7-021.01,,11/13/15,www.cvwd.org,Patti Reyes,(760) 398-2661 x,preyes@cvwd.org,166,7279.13287,0.83,2/25/18,2/12/18,Exclusive,Single,S,S,E,Y,Coachella Valley Water District (99%),S,1,N,N
678568,Thornton CDP,748,264,33500,2268.449057,54,San Joaquin County,5-022.01,ESJ,1/5/16,http://www.sjgov.org/,Brandon Nakagawa,(209) 468-3089,bnakagawa@sjgov.org,142,2259.255614,1,2/26/18,7/20/17,Exclusive,Single,S,S,E,N,San Joaquin County - Thornton (26%),S,1,N,N
678596,Thousand Palms CDP,7956,2895,43813,21972.85328,39,Coachella Valley Water District,7-021.01,,11/13/15,www.cvwd.org,Patti Reyes,(760) 398-2661 x,preyes@cvwd.org,166,21972.85,1,2/25/18,2/12/18,Exclusive,Single,S,S,E,N,Coachella Valley Water District (99%),S,1,N,N
680266,Tranquillity CDP,897,256,24919,615.066191,215,Central Delta-Mendota Region Multi-Agency GSA,5-022.07,,3/30/17,www.sldmwa.org,Andrew Garcia,209-832-6200,andrew.garcia@sldmwa.org,206,615.066191,1,2/25/18,3/1/17,Exclusive,MOA,S,S,V,N,Tranquillity Irrigation District (100%),S,1,N,N
680784,Tupman CDP,176,45,45313,508.359751,104,West Kern Water District,5-022.14,,8/3/16,http://www.wkwd.org/,Harry Starkey,661-763-3151,Harry@wkwd.org,39,500.652872,0.98,2/28/18,5/25/17,Exclusive,Single,S,S,E,N,West Kern Water District (98%),S,1,N,N
681722,Valley Acres CDP,717,227,47466,3961.137421,104,West Kern Water District,5-022.14,,8/3/16,http://www.wkwd.org/,Harry Starkey,661-763-3151,Harry@wkwd.org,39,3961.137421,1,2/28/18,5/25/17,Exclusive,Single,S,S,E,N,West Kern Water District (100%),S,1,N,N
684578,West Modesto CDP,5534,1506,27297,2076.303552,176,Stanislaus and Tuolumne Rivers Groundwater Basin Association,5-022.02,,2/28/17,www.mid.org,John Davids,209-529-7564,John.Davids@mid.org,192,2007.420755,0.97,2/28/18,5/30/17,Exclusive,MOU,S,S,V,Y,Modesto City (64%),S,1,N,N
684680,West Park CDP,792,244,36389,1787.43619,148,North Kings Groundwater Sustainability Agency,5-022.08,,1/13/17,,Gary  Serrato,559-233-7161,Gserrato@fresnoirrigation.com,65,1787.43619,1,2/26/18,2/16/17,Exclusive,JPA,S,S,V,N,Fcsa #39 A&B (8%),S,1,N,Y
685208,Whitewater CDP,469,172,15500,9206.605194,281,Verbenia Groundwater Sustainability Agency,7-021.04,Verbenia GSA,6/27/17,,Jeff Davis,951/845-2577,JDavis@sgpwa.com,330,949.666015,0.1,2/28/18,6/27/17,Exclusive,MOA,S,S,V,N,"Mission Springs WD (84%), West Palm Springs Village (7%), Palm Springs Crest (3%)",S,1,N,N
686734,Yettem CDP,285,61,0,152.271594,74,Kings River East Groundwater Sustainability Agency,5-022.08,,4/13/16,www.altaid.org,Chris Kapheim,559-358-8228,cmk@altaid.org,18,152.271594,1,2/25/18,2/16/17,Exclusive,AD,S,S,V,N,Yettem Water System (65%),S,1,N,N
601164,Alpaugh CDP,969,243,26927,982.057522,87,Alpaugh Groundwater Sustainability Agency,5-022.13,,6/17/16,,David Kahn,559-584-3337,dkahn@kschanford.com,25,982.057522,1,2/16/18,7/17/17,Exclusive,MOU,Y,Y,V,NA,Alpaugh Community Services District (24%),Y,1,N,N
606434,Big Bear Lake city,5104,2174,41058,6135.538731,278,Bear Valley Basin Groundwater Sustainability Agency,8-009,,6/9/17,www.bbldwo.com,Reginald Lamson,1-760-559-8172,rlamson@bbldwp.com,328,5311.521927,0.87,2/16/18,6/9/17,Exclusive,JPA,Y,Y,V,NA,Dwp - Big Bear Lake/Moonridge (97%),Y,1,Y,N
606728,Biola CDP,1017,227,26750,647.081012,148,North Kings Groundwater Sustainability Agency,5-022.08,,1/13/17,,Gary  Serrato,559-233-7161,Gserrato@fresnoirrigation.com,65,647.081012,1,2/26/18,2/16/17,Exclusive,JPA,Y,Y,S,NA,Biola Community Services District (49%),Y,1,N,Y
606798,Bishop city,3851,1710,30395,1939.626322,221,City of Bishop,6-012.01,,4/18/17,cityofbishop.com,David Grah,7608738458,dgrah@cityofbishop.com,243,1887.254801,0.97,2/25/18,4/18/17,Exclusive,Single,Y,Y,E,NA,"Bishop City (87%), Mountain View Estates Mwc (3%)",Y,1,Y,N
607596,Borrego Springs CDP,2359,1143,36583,39822.35811,209,Borrego Valley Groundwater Sustainability Agency,7-024.01,,3/29/17,http://www.sdcounty.ca.gov/pds/index.html,Jim Bennett,858-694-3820,Jim.Bennett@sdcounty.ca.gov,241,37879.11534,0.95,2/16/18,3/29/27,Exclusive,MOU,Y,Y,V,NA,Borrego Water District (74%),Y,1,N,Y
609360,Cabazon CDP,3266,880,40144,4556.860559,226,San Gorgonio Pass Groundwater Sustainability Agency (SGP-GSA),7-021.04,SGP-GSA,4/20/17,,Jeff Davis,951/845-2577,JDavis@sgpwa.com,262,4551.613684,1,2/26/18,4/20/17,Exclusive,MOA,Y,Y,V,NA,Cabazon Water District (81%),Y,1,N,N
609864,Calimesa city,8143,3351,42392,13856.2962,312,Yucaipa Basin,8-002.07,,6/27/17,www.sbvmwd.com,Bob Tincher,909-387-9215,bobt@sbvmwd.com,349,3977.372483,0.29,2/28/18,9/29/17,Exclusive,MOA,Y,Y,V,NA,"Yucaipa Valley Water District (30%), South Mesa Wc (12%), Plantation on the Lake Park (2%)",Y,1,Y,N
614946,Colusa city,5962,2097,45959,1957.714494,322,Colusa Groundwater Authority,5-021.52,,6/29/17,http://countyofcolusa.org/index.aspx?nid=656,Mary  Fahey,530-458-0719,mfahey@countyofcolusa.org,323,1957.669408,1,1/8/18,7/7/17,Exclusive,JPA,Y,Y,V,NA,"City of Colusa (70%), Colusa Co. Service Area #1 - Century Ranch (7%)",Y,1,Y,N
617708,Cutler CDP,4224,996,18346,801.332069,74,Kings River East Groundwater Sustainability Agency,5-022.08,,4/13/16,www.altaid.org,Chris Kapheim,559-358-8228,cmk@altaid.org,18,801.332069,1,2/25/18,2/16/17,Exclusive,AD,Y,Y,S,NA,Cutler PUD (65%),Y,1,N,N
618464,Delhi CDP,9918,2838,46224,3569.216245,201,West Turlock Subbasin Groundwater Sustainability Agency,5-022.03,,3/27/17,,Michael Cooke,(209) 668-6045,mcooke@turlock.ca.us,225,3569.216245,1,2/28/18,5/1/17,Exclusive,JPA,Y,Y,V,NA,Delhi Cwd (39%),Y,1,N,N
619612,Dos Palos city,5023,1487,33700,1355.813168,323,City of Dos Palos GSA,5-022.07,,6/29/17,,Garth Pecchenino,(209) 723-2066,garth.pecchenino@qkinc.com,360,1190.306918,0.88,2/25/18,7/31/17,Exclusive,Single,Y,Y,E,NA,Dos Palos City (95%),Y,1,Y,N
620942,East Orosi CDP,321,70,29000,246.389105,74,Kings River East Groundwater Sustainability Agency,5-022.08,,4/13/16,www.altaid.org,Chris Kapheim,559-358-8228,cmk@altaid.org,18,246.389105,1,2/25/18,2/16/17,Exclusive,AD,Y,Y,S,NA,East Orosi CSD (33%),Y,1,N,N
624134,Firebaugh city,7935,2171,31312,3577.499291,241,City of Firebaugh,5-022.07,,5/18/17,,Mario Gouveia,(209)854-3300,mgouveia@gouveiaengineering.com,269,2585.09728,0.72,2/25/18,5/18/17,Exclusive,Single,Y,Y,E,NA,Firebaught City (95%),Y,1,Y,N
625436,Fowler city,5908,1696,47731,2530.954463,270,South Kings Groundwater Sustainability Agency,5-022.08,,6/6/17,,David  Peters,(559) 834-3113,dpeters@peters-engineering.com,317,2424.145799,0.96,2/28/18,7/1/17,Exclusive,JPA,Y,Y,V,NA,City of Fowler (94%),Y,1,Y,Y
631568,Gustine city,5610,1903,38173,1569.615995,306,City of Gustine,5-022.07,,6/23/17,www.cityofgustine.com,Kathryn Reyes,209-854-6471,kreyes@cityofgustine.com,271,1370.21391,0.87,2/25/18,6/26/17,Exclusive,Single,Y,Y,E,NA,City of Gustine (95%),Y,1,Y,N
638394,Kettleman City CDP,1648,347,41131,206.80101,203,Southwest Kings Groundwater Sustainability Agency,5-022.12,,3/29/17,,Joseph Hopkins,559-449-2700,jhopkins@ppeng.com,226,198.553246,0.96,2/28/18,5/8/17,Exclusive,JPA,Y,N,NA,NA,Kettleman City CSD (99%),Y,1,N,N
638422,Keyes CDP,6364,1795,37421,2886.044948,201,West Turlock Subbasin Groundwater Sustainability Agency,5-022.03,,3/27/17,,Michael Cooke,(209) 668-6045,mcooke@turlock.ca.us,225,2886.044948,1,2/28/18,5/1/17,Exclusive,JPA,Y,N,NA,NA,Keyes Community Services Dist. (19%),Y,1,N,N
639710,Lakeport city,4746,2001,36361,3397.845011,288,City of Lakeport,5-014,,6/15/17,www.cityoflakeport.com,Kevin Ingram,(707) 263-5615 e,kingram@cityoflakeport.com,333,3050.653114,0.9,1/8/18,6/15/17,Exclusive,Single,Y,Y,E,NA,"City of Lakeport (53%), Lake County Csa 2 - Spring Valley",Y,1,Y,N
640116,Lanare CDP,398,88,47875,1999.88994,169,North Fork Kings Groundwater Sustainability Agency,5-022.08,NFKGSA,2/24/17,www.northforkkings.org,Eric Osterling,(559) 237-5567,eric@northforkkings.org,187,1999.88994,1,2/26/18,6/28/17,Exclusive,AD,Y,Y,S,NA,"Lanare CSD (22%), Riverdale Public Utility District (78%)",Y,1,N,Y
640746,Laton CDP,1144,416,29865,1919.232321,169,North Fork Kings Groundwater Sustainability Agency,5-022.08,NFKGSA,2/24/17,www.northforkkings.org,Eric Osterling,(559) 237-5567,eric@northforkkings.org,187,1910.32412,1,2/26/18,6/28/17,Exclusive,AD,Y,Y,S,NA,Laton Community Services District (40%),Y,1,N,Y
641040,Le Grand CDP,1823,509,38625,1153.160137,268,Merced Irrigation-Urban Groundwater Sustainability Agency (MIUGS,5-022.04,,5/31/17,www.mercedid.org,Hicham Eltal,209-354-2854,heltal@mercedid.org,311,1026.69165,0.89,2/26/18,6/1/17,Exclusive,MOU,Y,Y,S,NA,Le Granda CSD,Y,1,N,N
641936,Live Oak city,8500,2405,42349,3338.033131,41,Live Oak  City Of,5-021.59,,11/24/15,,Nicole Delerio,(530) 742-5982,ndelerio@yubasutterlaw.com,136,2464.700817,0.74,1/8/18,2/16/17,Exclusive,Single,Y,Y,E,NA,City of Live Oak (60%),Y,1,Y,N
642104,Lockeford CDP,3172,1254,45698,8694.137252,51,Lockeford Community Service District,5-022.01,,12/29/15,,Joe Salzman,(209) 727-5035,lcsd@softcom.net,140,1271.56048,0.15,1/11/18,2/16/17,Exclusive,Single,Y,Y,E,NA,Lockeford Community Services District (14%),Y,1,N,N
642566,London CDP,2080,467,24816,624.20331,74,Kings River East Groundwater Sustainability Agency,5-022.08,,4/13/16,www.altaid.org,Chris Kapheim,559-358-8228,cmk@altaid.org,18,624.20331,1,2/25/18,2/16/17,Exclusive,AD,Y,Y,S,NA,London Community Serv District (41%),Y,1,N,N
651028,New Cuyama CDP,591,212,34000,673.584456,279,Cuyama Basin Groundwater Sustainability Agency,3-013,CBGSA,6/12/17,,Matthew Young,805-568-3546,mcyoung@cosbpw.net,327,673.584456,1,1/2/18,6/12/17,Exclusive,JPA,Y,Y,V,NA,Cuyama Community Services District (71%),Y,1,N,Y
654008,Orange Cove city,9473,2337,27450,1783.693017,74,Kings River East Groundwater Sustainability Agency,5-022.08,,4/13/16,www.altaid.org,Chris Kapheim,559-358-8228,cmk@altaid.org,18,1783.693017,1,2/25/18,2/16/17,Exclusive,AD,Y,Y,S,NA,City of Orange Cove (98%),Y,1,Y,N
654274,Orland city,7451,2382,38425,3158.525485,332,Glenn Groundwater Authority,5-021.52,,6/30/17,http://www.countyofglenn.net/,Lisa Hunter,530-934-6501,lhunter@countyofglenn.net,369,3158.525485,1,1/8/18,6/30/17,Exclusive,JPA,Y,Y,V,NA,City of Orland (80%),Y,1,Y,N
654372,Orosi CDP,8620,2031,34464,2429.772073,74,Kings River East Groundwater Sustainability Agency,5-022.08,,4/13/16,www.altaid.org,Chris Kapheim,559-358-8228,cmk@altaid.org,18,2429.772073,1,2/25/18,2/16/17,Exclusive,AD,Y,Y,S,NA,"Orosi PUD (45%), Cutler PUD (3%)",Y,2,N,N
657582,Planada CDP,4465,1130,35690,1597.524983,268,Merced Irrigation-Urban Groundwater Sustainability Agency (MIUGS,5-022.04,,5/31/17,www.mercedid.org,Hicham Eltal,209-354-2854,heltal@mercedid.org,311,1597.524983,1,2/26/18,6/1/17,Exclusive,MOU,Y,Y,S,NA,Planada CSD (71%),Y,1,N,N
661096,Riverdale CDP,3881,888,48350,3888.416199,169,North Fork Kings Groundwater Sustainability Agency,5-022.08,NFKGSA,2/24/17,www.northforkkings.org,Eric Osterling,(559) 237-5567,eric@northforkkings.org,187,3888.416199,1,2/26/18,6/28/17,Exclusive,AD,Y,Y,S,NA,Riverdale Public Utility District (91%),Y,1,N,Y
668266,San Miguel CDP,2638,754,47875,1635.14344,137,San Miguel Community Services District,3-004.06,,12/22/16,http://www.sanmiguelcsd.org/,Darrell  Gentry,805-467-3388,darrell.gentry@sanmiguelcsd.org,56,1570.54784,0.96,1/2/18,3/23/17,Exclusive,Single,Y,Y,E,NA,San Miguel Community Services District (96%),Y,1,N,N
670028,Santa Nella CDP,1164,478,30000,4596.476761,215,Central Delta-Mendota Region Multi-Agency GSA,5-022.07,,3/30/17,www.sldmwa.org,Andrew Garcia,209-832-6200,andrew.garcia@sldmwa.org,206,2542.804383,0.55,2/25/18,3/30/17,Exclusive,MOA,Y,Y,V,NA,Santa Nella County Water District (69%),Y,1,N,N
675252,Stratford CDP,1301,377,23750,672.343673,197,South Fork Kings Groundwater Sustainability Agency,5-022.12,SFKGSA,3/22/17,www.southforkkings.org,Eric Osterling,(559) 237-5567 x,eric@southforkkings.org,222,672.343673,1,2/28/18,6/26/17,Exclusive,JPA,Y,Y,V,NA,Stratford PUD (68%),Y,1,N,N
675672,Sultana CDP,813,207,24282,440.915714,74,Kings River East Groundwater Sustainability Agency,5-022.08,,4/13/16,www.altaid.org,Chris Kapheim,559-358-8228,cmk@altaid.org,18,440.915714,1,2/25/18,2/16/17,Exclusive,AD,Y,Y,S,NA,Sultana CSD (68%),Y,1,N,N
680686,Tulelake city,1029,383,35208,477.284303,238,City of Tulelake,1-002.01,,5/1/17,cityoftulelake.com,Jenny Coelho,530-667-5522,cityoftulelake@cot.net,280,380.501549,0.8,1/2/18,5/1/17,Exclusive,Single,Y,Y,E,NA,Tulelake City (100%),Y,1,Y,N
683612,Waterford city,8579,2318,44660,2422.007473,176,Stanislaus and Tuolumne Rivers Groundwater Basin Association,5-022.02,,2/28/17,www.mid.org,John Davids,209-529-7564,John.Davids@mid.org,192,2417.617288,1,2/28/18,5/30/17,Exclusive,MOU,Y,Y,V,NA,"City of Waterford (61%), Waterford-River Pointe (5%)",Y,1,Y,N
685684,Willows city,6118,2374,38730,3093.652246,332,Glenn Groundwater Authority,5-021.52,,6/30/17,http://www.countyofglenn.net/,Lisa Hunter,530-934-6501,lhunter@countyofglenn.net,369,3093.652246,1,1/8/18,6/30/17,Exclusive,JPA,Y,Y,V,NA,Cal Water Service Co. - City of Willows (63%),Y,1,Y,N