DACPlace ID Number,DACPlace Name,DACPPopulation,DACPHouseholds,DACPMHI,AREAofDACP_a_,IRWMName,IRWMRAP_Year,IntersectionArea_a_,Percent_Intersection_a_,DAC_Pilot,TLB,,
600296,Adelanto city,31773,7392,35262,53031.29364,(18) Mojave,2009,53031.29364,1.00,N,N,,
600310,Adin CDP,215,64,29583,3895.440069,(39) Upper Pit River Watershed,2009,3895.440069,1.00,N,N,,
600535,Airport CDP,1547,472,21607,609.861884,(47) East Stanislaus,2011,609.861884,1.00,N,N,,
600716,Albion CDP,295,100,12209,1978.683652,(21) North Coast,2009,1975.126307,1.00,Y,N,,
600786,Alderpoint CDP,255,126,32688,2663.532366,(21) North Coast,2009,2663.532366,1.00,Y,N,,
600982,Alleghany CDP,115,43,37663,375.217974,"(6) Cosumnes, American, Bear, Yuba (CABY)",2009,375.217974,1.00,N,N,,
601010,Allensworth CDP,480,118,25625,3028.510296,(35) Tule,2009,3028.510296,1.00,N,Y,,
601094,Almanor CDP,0,0,0,970.536965,(37) Upper Feather River Watershed,2009,970.536965,1.00,N,N,,
601164,Alpaugh CDP,969,243,26927,982.057522,(35) Tule,2009,982.057522,1.00,N,Y,,
601444,Alturas city,2714,1240,31087,2795.367385,(39) Upper Pit River Watershed,2009,2795.367385,1.00,N,N,,
601514,Amador City city,164,86,48750,327.627317,(19) Mokelumne/Amador/Calaveras (MAC),2009,327.627317,1.00,N,N,,
601651,Amesti CDP,3213,961,48617,3068.371172,(23) Pajaro River Watershed,2009,3068.371172,1.00,N,N,,
602028,Anchor Bay CDP,254,137,34191,3708.100239,(21) North Coast,2009,3693.927458,1.00,Y,N,,
602042,Anderson city,10066,3884,35225,7324.361978,(22) North Sacramento Valley,2009,7324.361978,1.00,N,N,,
602294,Anza CDP,2356,897,39489,25579.3669,(42) Upper Santa Margarita,2009,22758.41173,0.89,N,N,,
602364,Apple Valley town,70561,23987,48337,70683.8675,(18) Mojave,2009,70683.8675,1.00,N,N,,
602420,Arbuckle CDP,3009,798,47639,1867.563471,(22) North Sacramento Valley,2009,1867.563471,1.00,N,N,,
602476,Arcata city,17679,6891,30244,12307.78021,(21) North Coast,2009,12307.78021,1.00,Y,N,,
602553,Arden-Arcade CDP,92844,40152,45750,18806.61009,(1) American River Basin,2009,18806.61009,1.00,N,N,,
602924,Arvin city,20028,4595,35359,4629.083597,(15) Kern County,2009,4629.083597,1.00,N,Y,,
602980,Ashland CDP,23360,7610,45074,1882.149821,(27) San Francisco Bay Area,2009,1882.149821,1.00,N,N,,
603026,Aspen Springs CDP,54,16,0,3640.566674,(13) Inyo-Mono,2009,3640.566674,1.00,Y,N,,
603162,Atwater city,28686,8672,41619,6208.61411,(17) Merced,2009,6208.61411,1.00,N,N,,
603209,August CDP,8479,2259,28518,1290.910207,(8) Eastern San Joaquin,2009,1290.910207,1.00,N,N,,
603302,Avenal city,14553,2482,29302,19045.93111,(44) Westside - San Joaquin,2009,2556.98905,0.13,N,Y,,
603316,Avery CDP,674,299,31719,4670.867905,(19) Mokelumne/Amador/Calaveras (MAC),2009,3120.368706,0.67,N,N,,
603708,Ballico CDP,333,110,41250,3074.788664,(47) East Stanislaus,2011,2531.543478,0.82,N,N,,
603792,Bangor CDP,575,234,39500,14395.99686,(22) North Sacramento Valley,2009,14212.03969,0.99,N,N,,
603820,Banning city,30281,11739,39556,21536.52151,(29) Santa Ana Watershed Project Authority,2009,401.022972,0.02,N,N,,
604030,Barstow city,23110,7937,40648,39444.49037,(18) Mojave,2009,39444.49037,1.00,N,N,,
604198,Bass Lake CDP,570,249,36250,2527.534478,(16) Madera,2009,2527.534478,1.00,N,N,,
604415,Bay Point CDP,21586,6431,41749,7648.26331,(7) East Contra Costa County,2009,7262.578655,0.95,N,N,,
604478,Bayview CDP,2408,1020,26987,817.307065,(21) North Coast,2009,817.307065,1.00,Y,N,,
604576,Beale AFB CDP,1342,363,42904,10762.05685,(46) Yuba County,2009,10762.05685,1.00,N,N,,
604632,Bear Creek CDP,197,80,16719,58.054655,(17) Merced,2009,58.054655,1.00,N,N,,
604730,Bear Valley CDP,201,92,16042,7392.114484,(4) Yosemite - Mariposa,2009,7392.114484,1.00,N,N,,
604856,Belden CDP,46,30,0,791.955246,(37) Upper Feather River Watershed,2009,791.955246,1.00,N,N,,
604870,Bell city,35896,8998,36496,2443.871207,(9) Gateway Region,2009,2443.871207,1.00,N,N,,
604996,Bell Gardens city,42712,9693,37103,2297.487625,(10) Greater Los Angeles County,2009,2297.487625,1.00,Y,N,,
605262,Benbow CDP,314,124,47308,5339.030344,(21) North Coast,2009,5339.030344,1.00,Y,N,,
605346,Benton CDP,178,112,26000,29282.0511,(13) Inyo-Mono,2009,29282.0511,1.00,Y,N,,
606070,Berry Creek CDP,1292,555,41287,61773.58727,(37) Upper Feather River Watershed,2009,61773.58727,1.00,N,N,,
606150,Bertsch-Oceanview CDP,2568,806,35678,6628.89222,(21) North Coast,2009,6340.683681,0.96,Y,N,,
606210,Bethel Island CDP,2158,1066,36845,5768.92715,(7) East Contra Costa County,2009,5768.92715,1.00,N,N,,
606336,Bieber CDP,127,49,42083,1912.021465,(39) Upper Pit River Watershed,2009,1912.021465,1.00,N,N,,
606406,Big Bear City CDP,12563,5054,43404,30023.10457,(29) Santa Ana Watershed Project Authority,2009,18925.79421,0.63,N,N,,
606434,Big Bear Lake city,5104,2174,41058,6135.538731,(29) Santa Ana Watershed Project Authority,2009,6135.538731,1.00,N,N,,
606475,Big Bend CDP,87,49,23750,6552.036468,(40) Upper Sacramento-McCloud,2009,6552.036468,1.00,N,N,,
606560,Biggs city,2010,593,40847,682.442504,(22) North Sacramento Valley,2009,682.442504,1.00,N,N,,
606728,Biola CDP,1017,227,26750,647.081012,(38) Kings Basin Water Authority,2009,647.081012,1.00,Y,Y,,
606798,Bishop city,3851,1710,30395,1939.626322,(13) Inyo-Mono,2009,1939.626322,1.00,Y,N,,
606994,Blairsden CDP,35,26,11250,587.5261,(37) Upper Feather River Watershed,2009,587.5261,1.00,N,N,,
607064,Bloomington CDP,25228,5530,48985,5596.875883,(29) Santa Ana Watershed Project Authority,2009,5596.875883,1.00,N,N,,
607162,Blue Lake city,1258,514,45750,697.222026,(21) North Coast,2009,697.222026,1.00,Y,N,,
607246,Bodega CDP,156,109,29688,3024.306921,(21) North Coast,2009,3024.306921,1.00,Y,N,,
607274,Bodfish CDP,1961,1043,20121,7740.296288,(15) Kern County,2009,7740.296288,1.00,N,Y,,
607512,Boonville CDP,1090,367,35938,5883.440128,(21) North Coast,2009,5883.440128,1.00,Y,N,,
607525,Bootjack CDP,959,365,41683,7189.360668,(4) Yosemite - Mariposa,2009,7189.360668,1.00,N,N,,
607568,Boron CDP,2241,830,31333,13218.00769,(2) Antelope Valley,2009,13210.62057,1.00,N,N,,
607578,Boronda CDP,1278,384,42333,549.007728,(11) Greater Monterey County,2009,549.007728,1.00,N,N,,
607596,Borrego Springs CDP,2359,1143,36583,39822.35811,(3) Anza Borrego Desert,2009,39822.35811,1.00,N,N,,
607624,Bostonia CDP,16460,5602,42333,1755.582295,(26) San Diego,2009,1755.582295,1.00,N,N,,
607694,Boulevard CDP,434,178,12421,3537.011326,(3) Anza Borrego Desert,2009,3537.011326,1.00,N,N,,
607750,Bowles CDP,182,39,31250,378.850993,(38) Kings Basin Water Authority,2009,378.850993,1.00,Y,Y,,
608058,Brawley city,25478,7455,41718,7005.311833,(12) Imperial,2009,7005.311833,1.00,N,N,,
608172,Bret Harte CDP,4998,1224,28279,560.471737,(47) East Stanislaus,2011,560.471737,1.00,N,N,,
608240,Bridgeport CDP,761,292,39118,22608.45571,(13) Inyo-Mono,2009,22608.45571,1.00,Y,N,,
608530,Brooktrails CDP,3589,1380,48097,7865.235868,(21) North Coast,2009,7865.235868,1.00,Y,N,,
608716,Buck Meadows CDP,50,23,0,1790.059898,(4) Yosemite - Mariposa,2009,1713.556852,0.96,N,N,,
608744,Bucks Lake CDP,14,9,0,11261.65749,(37) Upper Feather River Watershed,2009,11261.65749,1.00,N,N,,
609122,Burney CDP,3172,1336,38214,5828.92236,(39) Upper Pit River Watershed,2009,5828.92236,1.00,N,N,,
609318,Butte Meadows CDP,34,18,0,2347.990222,(22) North Sacramento Valley,2009,2347.990222,1.00,N,N,,
609332,Buttonwillow CDP,1371,378,34274,6688.717732,(15) Kern County,2009,5256.091897,0.79,N,Y,,
609353,Bystrom CDP,3805,1160,25543,742.864395,(47) East Stanislaus,2011,742.864395,1.00,N,N,,
609710,Calexico city,39281,9213,35233,7820.881519,(12) Imperial,2009,7792.707764,1.00,N,N,,
609822,California Hot Springs CDP,74,32,41250,730.799055,(33) Southern Sierra,2009,730.799055,1.00,N,Y,,
609834,California Pines CDP,367,159,41518,8619.500302,(39) Upper Pit River Watershed,2009,8619.500302,1.00,N,N,,
609864,Calimesa city,8143,3351,42392,13856.2962,(29) Santa Ana Watershed Project Authority,2009,13856.2962,1.00,N,N,,
609878,Calipatria city,7599,1571,30911,3401.731771,(12) Imperial,2009,3401.731771,1.00,N,N,,
609990,Calpella CDP,424,164,44000,2735.75464,(21) North Coast,2009,2735.75464,1.00,Y,N,,
610004,Calpine CDP,189,99,25938,769.992741,(37) Upper Feather River Watershed,2009,769.992741,1.00,N,N,,
610032,Calwa CDP,1330,330,18625,623.059306,(38) Kings Basin Water Authority,2009,623.059306,1.00,Y,Y,,
610559,Camp Pendleton North CDP,6436,1244,37075,8322.211348,(26) San Diego,2009,8322.211348,1.00,N,N,,
610561,Camp Pendleton South CDP,12691,2943,43742,3679.096971,(26) San Diego,2009,3630.196856,0.99,N,N,,
610676,Camptonville CDP,150,84,28750,917.703885,"(6) Cosumnes, American, Bear, Yuba (CABY)",2009,917.703885,1.00,N,N,,
610732,Canby CDP,693,106,41932,2633.285502,(39) Upper Pit River Watershed,2009,2633.285502,1.00,N,N,,
610816,Cantua Creek CDP,440,129,31181,3767.602244,(44) Westside - San Joaquin,2009,3767.602244,1.00,N,Y,,
610914,Canyondam CDP,78,49,0,851.281342,(37) Upper Feather River Watershed,2009,851.281342,1.00,N,N,,
611166,Caribou CDP,0,0,0,177.372667,(37) Upper Feather River Watershed,2009,177.372667,1.00,N,N,,
611376,Carmet CDP,14,6,0,298.976119,(21) North Coast,2009,298.976119,1.00,Y,N,,
611481,Carrick CDP,66,26,0,67.038408,(21) North Coast,2009,67.038408,1.00,Y,N,,
611600,Cartago CDP,38,33,46016,1157.726284,(13) Inyo-Mono,2009,1157.726284,1.00,Y,N,,
611614,Caruthers CDP,3338,754,44375,2009.193944,(38) Kings Basin Water Authority,2009,2009.193944,1.00,Y,Y,,
611754,Casmalia CDP,114,33,47031,179.465717,(30) Santa Barbara County,2009,179.465717,1.00,N,N,,
611782,Cassel CDP,349,146,34600,2356.739169,(39) Upper Pit River Watershed,2009,2356.739169,1.00,N,N,,
612048,Cathedral City city,52550,16840,43128,20233.273,(5) Coachella Valley,2009,20233.273,1.00,Y,N,,
612146,Cazadero CDP,312,143,43875,7454.35261,(21) North Coast,2009,7454.35261,1.00,Y,N,,
612314,Cedar Slope CDP,0,0,0,683.961903,(33) Southern Sierra,2009,683.961903,1.00,N,Y,,
612328,Cedarville CDP,297,153,28274,6223.641623,(49) Lahontan Basins,2011,6223.641623,1.00,N,N,,
612524,Ceres city,46570,13110,46132,9526.207883,(47) East Stanislaus,2011,9526.207883,1.00,N,N,,
612612,Challenge-Brownsville CDP,952,408,47959,10434.76965,"(6) Cosumnes, American, Bear, Yuba (CABY)",2009,9310.330621,0.89,N,N,,
612818,Cherokee CDP,80,32,36875,2076.759004,(22) North Sacramento Valley,2009,854.745218,0.41,N,N,,
612860,Cherokee Strip CDP,295,68,36250,87.642836,(24) Poso Creek,2009,87.642836,1.00,N,Y,,
612930,Chester CDP,1978,829,40417,8116.902082,(37) Upper Feather River Watershed,2009,8116.902082,1.00,N,N,,
613014,Chico city,87517,34314,42334,35882.18222,(22) North Sacramento Valley,2009,35882.18222,1.00,N,N,,
613077,Chilcoot-Vinton CDP,130,37,0,14341.05907,(37) Upper Feather River Watershed,2009,14119.93496,0.98,N,N,,
613157,China Lake Acres CDP,1376,607,21970,5060.260643,(13) Inyo-Mono,2009,5060.260643,1.00,Y,N,,
613182,Chinese Camp CDP,99,50,24722,926.32382,(36) Tuolumne-Stanislaus,2009,926.32382,1.00,N,N,,
613294,Chowchilla city,18411,3873,36852,11227.53767,(16) Madera,2009,11227.53767,1.00,N,N,,
613910,Clear Creek CDP,182,87,33021,1254.427211,(37) Upper Feather River Watershed,2009,1254.427211,1.00,N,N,,
613945,Clearlake city,15121,6861,25532,11214.94236,"(45) Westside (Yolo, Solano, Napa, Lake, Colusa)",2009,11214.94236,1.00,N,N,,
613966,Clearlake Oaks CDP,1547,814,27500,2281.763622,"(45) Westside (Yolo, Solano, Napa, Lake, Colusa)",2009,2281.763622,1.00,N,N,,
613985,Clearlake Riviera CDP,2912,1226,43167,5537.344843,"(45) Westside (Yolo, Solano, Napa, Lake, Colusa)",2009,5537.344843,1.00,N,N,,
614148,Clipper Mills CDP,0,0,0,1873.054208,(22) North Sacramento Valley,2009,520.279453,0.28,N,N,,
614232,Clyde CDP,680,279,41382,146.84532,(27) San Francisco Bay Area,2009,146.84532,1.00,N,N,,
614260,Coachella city,42576,9694,40423,26833.03014,(5) Coachella Valley,2009,26833.03014,1.00,Y,N,,
614288,Coarsegold CDP,1172,625,30216,11119.70524,(16) Madera,2009,11119.70524,1.00,N,N,,
614450,Cold Springs CDP,623,207,49150,795.991948,"(6) Cosumnes, American, Bear, Yuba (CABY)",2009,795.991948,1.00,N,N,,
614454,Cold Springs CDP,193,115,34963,1798.416087,(36) Tuolumne-Stanislaus,2009,1798.416087,1.00,N,N,,
614484,Coleville CDP,395,116,45147,14461.33563,(13) Inyo-Mono,2009,14461.33563,1.00,Y,N,,
614498,Colfax city,2424,969,46902,1495.937607,"(6) Cosumnes, American, Bear, Yuba (CABY)",2009,1495.937607,1.00,N,N,,
614890,Colton city,53129,14885,39915,14992.00659,(29) Santa Ana Watershed Project Authority,2009,14992.00659,1.00,N,N,,
614904,Columbia CDP,2456,1011,40313,6178.653099,(36) Tuolumne-Stanislaus,2009,6178.653099,1.00,N,N,,
614946,Colusa city,5962,2097,45959,1957.714494,(22) North Sacramento Valley,2009,1957.714494,1.00,N,N,,
614974,Commerce city,12975,3528,45846,6103.957227,(10) Greater Los Angeles County,2009,6103.957227,1.00,Y,N,,
616035,Concow CDP,539,262,34773,30134.77943,(22) North Sacramento Valley,2009,30134.77943,1.00,N,N,,
616224,Corcoran city,23634,3615,34082,7369.131432,(35) Tule,2009,288.904147,0.04,N,Y,,
616322,Corning city,7617,2345,36906,3867.747229,(22) North Sacramento Valley,2009,3867.747229,1.00,N,N,,
616630,Cottonwood CDP,4178,1328,42660,2555.740732,(22) North Sacramento Valley,2009,2555.740732,1.00,N,N,,
616644,Coulterville CDP,227,130,45000,4318.421387,(4) Yosemite - Mariposa,2009,4318.421387,1.00,N,N,,
616651,Country Club CDP,10018,3747,43323,2151.970711,(8) Eastern San Joaquin,2009,2151.970711,1.00,N,N,,
616728,Covelo CDP,1444,524,26389,7750.198161,(21) North Coast,2009,7750.198161,1.00,Y,N,,
616762,Cowan CDP,510,137,37656,159.550061,(47) East Stanislaus,2011,159.550061,1.00,N,N,,
617022,Crescent City city,7295,1726,27885,2780.823114,(21) North Coast,2009,2267.816585,0.82,Y,N,,
617050,Crescent Mills CDP,426,137,31655,4644.956305,(37) Upper Feather River Watershed,2009,4644.956305,1.00,N,N,,
617162,Crestline CDP,9437,3920,47175,13126.32434,(18) Mojave,2009,11508.52351,0.88,N,N,,
617288,Cromberg CDP,172,128,32188,9821.272973,(37) Upper Feather River Watershed,2009,9821.272973,1.00,N,N,,
617428,Crows Landing CDP,194,83,29018,3219.009286,(44) Westside - San Joaquin,2009,3219.009286,1.00,N,Y,,
617498,Cudahy city,24073,5615,37759,1143.479631,(10) Greater Los Angeles County,2009,1143.479631,1.00,Y,N,,
617708,Cutler CDP,4224,996,18346,801.332069,(38) Kings Basin Water Authority,2009,801.332069,1.00,Y,Y,,
617727,Cuyama CDP,72,22,27188,436.922853,(30) Santa Barbara County,2009,436.922853,1.00,N,N,,
617995,Daphnedale Park CDP,20,9,0,1522.125944,(39) Upper Pit River Watershed,2009,1522.125944,1.00,N,N,,
618030,Darwin CDP,18,13,0,1327.356801,(13) Inyo-Mono,2009,1327.356801,1.00,Y,N,,
618394,Delano city,52883,10549,36244,13984.50337,(15) Kern County,2009,13932.74302,1.00,N,Y,,
618450,Delft Colony CDP,164,63,8456,65.155835,(38) Kings Basin Water Authority,2009,65.155835,1.00,Y,Y,,
618464,Delhi CDP,9918,2838,46224,3569.216245,(17) Merced,2009,11.739972,0.00,N,N,,
618485,Delleker CDP,798,296,30878,3005.570699,(37) Upper Feather River Watershed,2009,3005.570699,1.00,N,N,,
618674,Del Rey CDP,1489,374,31222,1212.694144,(38) Kings Basin Water Authority,2009,1212.694144,1.00,Y,Y,,
618926,Derby Acres CDP,324,145,34792,3443.810034,(15) Kern County,2009,3443.810034,1.00,N,Y,,
618986,Desert Edge CDP,4244,2184,30579,2113.012277,(5) Coachella Valley,2009,2113.012277,1.00,Y,N,,
618996,Desert Hot Springs city,27678,9164,33575,28525.0089,(5) Coachella Valley,2009,28525.0089,1.00,Y,N,,
619024,Desert Shores CDP,1039,284,30735,635.939323,(5) Coachella Valley,2009,635.939323,1.00,Y,N,,
619262,Dillon Beach CDP,82,55,44417,3100.708639,(21) North Coast,2009,70.717482,0.02,Y,N,,
619318,Dinuba city,22828,5964,38509,6428.354359,(38) Kings Basin Water Authority,2009,6428.354359,1.00,Y,Y,,
619406,Dixon Lane-Meadow Creek CDP,2447,1140,44792,3411.845033,(13) Inyo-Mono,2009,3411.845033,1.00,Y,N,,
619416,Dobbins CDP,658,262,35469,8384.647806,"(6) Cosumnes, American, Bear, Yuba (CABY)",2009,8384.647806,1.00,N,N,,
619584,Dorris city,1115,381,30179,831.921418,(21) North Coast,2009,831.921418,1.00,Y,N,,
619612,Dos Palos city,5023,1487,33700,1355.813168,(44) Westside - San Joaquin,2009,1355.813168,1.00,N,Y,,
619654,Dos Palos Y CDP,171,75,17708,1588.028608,(44) Westside - San Joaquin,2009,1588.028608,1.00,N,Y,,
619724,Douglas City CDP,670,323,31645,27896.76959,(21) North Coast,2009,27896.76959,1.00,Y,N,,
619878,Doyle CDP,382,219,21950,6674.455442,(49) Lahontan Basins,2011,6674.455442,1.00,N,N,,
620032,Ducor CDP,646,176,28036,596.380663,(35) Tule,2009,596.380663,1.00,N,Y,,
620242,Dunsmuir city,1482,751,29464,1857.138839,(40) Upper Sacramento-McCloud,2009,1857.138839,1.00,N,N,,
620284,Dustin Acres CDP,295,128,48269,3533.051632,(15) Kern County,2009,3533.051632,1.00,N,Y,,
620424,Eagleville CDP,70,32,28333,1101.493309,(49) Lahontan Basins,2011,1101.493309,1.00,N,N,,
620438,Earlimart CDP,8310,1903,24968,2056.435899,(24) Poso Creek,2009,2056.435899,1.00,N,Y,,
620697,East Hemet CDP,18188,5410,45374,4836.169297,(29) Santa Ana Watershed Project Authority,2009,4836.169297,1.00,N,N,,
620802,East Los Angeles CDP,127610,31499,39103,6964.538683,(10) Greater Los Angeles County,2009,6863.564043,0.99,Y,N,,
620900,East Nicolaus CDP,251,97,42566,4852.03104,(22) North Sacramento Valley,2009,4852.03104,1.00,N,N,,
620942,East Orosi CDP,321,70,29000,246.389105,(38) Kings Basin Water Authority,2009,246.389105,1.00,Y,Y,,
621012,East Porterville CDP,6585,1660,31900,2942.267838,(35) Tule,2009,2815.811235,0.96,N,Y,,
621034,East Rancho Dominguez CDP,15343,3214,44964,765.489882,(10) Greater Los Angeles County,2009,765.489882,1.00,Y,N,,
621188,East Sonora CDP,2168,1156,43484,2559.464948,(36) Tuolumne-Stanislaus,2009,2559.464948,1.00,N,N,,
621210,East Tulare Villa CDP,951,263,45446,474.723043,(14) Kaweah River Basin,2009,474.723043,1.00,N,Y,,
621530,Edgewood CDP,30,11,34375,1164.388167,(21) North Coast,2009,1164.388167,1.00,Y,N,,
621558,Edmundson Acres CDP,274,54,35000,63.924087,(15) Kern County,2009,63.924087,1.00,N,Y,,
621712,El Cajon city,101582,32088,45957,13151.44252,(26) San Diego,2009,13151.44252,1.00,N,N,,
621782,El Centro city,43268,12752,41677,10080.61947,(12) Imperial,2009,10080.61947,1.00,N,N,,
622006,Elk Creek CDP,136,60,42500,1598.290935,(22) North Sacramento Valley,2009,1598.290935,1.00,N,N,,
622230,El Monte city,115243,29793,38906,9022.212442,(10) Greater Los Angeles County,2009,9022.212442,1.00,Y,N,,
622286,El Nido CDP,412,115,30956,3320.66496,(17) Merced,2009,3320.66496,1.00,N,N,,
622360,El Rancho CDP,16,7,0,70.956044,(14) Kaweah River Basin,2009,70.956044,1.00,N,Y,,
622622,Empire CDP,4296,1295,31446,1598.489232,(47) East Stanislaus,2011,1598.489232,1.00,N,N,,
622972,Etna city,750,310,26711,867.547947,(21) North Coast,2009,867.547947,1.00,Y,N,,
623042,Eureka city,27039,10758,38007,16155.53668,(21) North Coast,2009,16155.53668,1.00,Y,N,,
623126,Exeter city,10468,3308,41341,2431.475746,(14) Kaweah River Basin,2009,294.813425,0.12,N,Y,,
623210,Fairmead CDP,1983,401,31058,7792.436823,(16) Madera,2009,7792.436823,1.00,N,N,,
623532,Fall River Mills CDP,712,229,32824,3096.123219,(39) Upper Pit River Watershed,2009,3096.123219,1.00,N,N,,
623616,Farmersville city,10675,2551,32455,2230.12179,(14) Kaweah River Basin,2009,2230.12179,1.00,N,Y,,
623630,Farmington CDP,124,84,19886,2619.31961,(8) Eastern San Joaquin,2009,2619.31961,1.00,N,N,,
623910,Ferndale city,1456,696,45948,1140.214972,(21) North Coast,2009,1140.214972,1.00,Y,N,,
623980,Fiddletown CDP,86,52,42500,4852.687882,(19) Mokelumne/Amador/Calaveras (MAC),2009,3614.482923,0.74,N,N,,
624022,Fields Landing CDP,130,93,16537,311.959672,(21) North Coast,2009,311.959672,1.00,Y,N,,
624134,Firebaugh city,7935,2171,31312,3577.499291,(44) Westside - San Joaquin,2009,3197.895182,0.89,N,Y,,
624218,Fish Camp CDP,44,29,0,922.988327,(4) Yosemite - Mariposa,2009,922.988327,1.00,N,N,,
624477,Florence-Graham CDP,62815,14316,33992,3339.837202,(10) Greater Los Angeles County,2009,3292.183446,0.99,Y,N,,
624498,Florin CDP,50791,15279,40183,9105.891615,(1) American River Basin,2009,9105.891615,1.00,N,N,Number DACP,#DIV/0!
624722,Foothill Farms CDP,33024,11829,44590,4418.133592,(1) American River Basin,2009,4418.133592,1.00,N,N,,
624764,Ford City CDP,4154,1323,32134,1472.988275,(15) Kern County,2009,1472.988275,1.00,N,Y,,
624834,Foresthill CDP,1345,578,34821,11874.22861,"(6) Cosumnes, American, Bear, Yuba (CABY)",2009,11874.22861,1.00,N,N,,
624918,Forest Ranch CDP,1064,490,41649,15156.08855,(22) North Sacramento Valley,2009,15156.08855,1.00,N,N,,
625030,Fort Bidwell CDP,161,78,23333,3714.715385,(49) Lahontan Basins,2011,3714.715385,1.00,N,N,,
625058,Fort Bragg city,7274,2887,34057,2989.780483,(21) North Coast,2009,2958.337892,0.99,Y,N,,
625128,Fort Jones city,848,324,39500,690.028914,(21) North Coast,2009,690.028914,1.00,Y,N,,
625296,Fortuna city,11863,4178,42450,5382.283388,(21) North Coast,2009,5382.283388,1.00,Y,N,,
625436,Fowler city,5908,1696,47731,2530.954463,(38) Kings Basin Water Authority,2009,2530.954463,1.00,Y,Y,,
625488,Franklin CDP,6840,1964,34671,2038.457034,(17) Merced,2009,2038.457034,1.00,N,N,,
625506,Franklin CDP,33,33,24531,2195.917195,(1) American River Basin,2009,2195.917195,1.00,N,N,,
625534,Frazier Park CDP,2730,958,43077,4820.746078,(15) Kern County,2009,4804.264997,1.00,N,Y,,
625590,Freeport CDP,68,30,46250,46.4427,(1) American River Basin,2009,46.4427,1.00,N,N,,
626028,French Camp CDP,4155,540,35833,3234.026369,(8) Eastern San Joaquin,2009,3234.026369,1.00,N,N,,
626056,French Gulch CDP,441,185,28750,13793.45836,(22) North Sacramento Valley,2009,13793.45836,1.00,N,N,,
627000,Fresno city,506132,160172,41455,113467.4597,(38) Kings Basin Water Authority,2009,111821.2083,0.99,Y,Y,,
627014,Friant CDP,263,181,18884,1307.634482,(33) Southern Sierra,2009,261.144448,0.20,N,Y,,
627130,Fruitridge Pocket CDP,5802,1557,32853,637.072184,(1) American River Basin,2009,637.072184,1.00,N,N,,
627190,Fuller Acres CDP,924,262,33750,726.472393,(15) Kern County,2009,726.472393,1.00,N,Y,,
628021,Furnace Creek CDP,187,158,33000,31165.18674,(13) Inyo-Mono,2009,31165.18674,1.00,Y,N,,
628154,Garberville CDP,1061,506,29694,2997.45959,(21) North Coast,2009,2997.45959,1.00,Y,N,,
628168,Gardena city,59682,20658,47856,5461.995753,(10) Greater Los Angeles County,2009,5461.995753,1.00,Y,N,,
628182,Garden Acres CDP,11172,2870,38940,2669.709242,(8) Eastern San Joaquin,2009,2669.709242,1.00,N,N,,
629112,Garnet CDP,6380,1928,37910,7345.768154,(5) Coachella Valley,2009,7345.768154,1.00,Y,N,,
629154,Gasquet CDP,500,243,35547,5565.486923,(21) North Coast,2009,5565.486923,1.00,Y,N,,
629252,Gazelle CDP,76,46,21071,663.889968,(21) North Coast,2009,663.889968,1.00,Y,N,,
629350,Georgetown CDP,2458,892,46136,16018.32009,"(6) Cosumnes, American, Bear, Yuba (CABY)",2009,16018.32009,1.00,N,N,,
629392,Gerber CDP,1201,363,31781,1009.580315,(22) North Sacramento Valley,2009,1009.580315,1.00,N,N,,
630028,Glen Ellen CDP,614,354,48750,2192.514335,(27) San Francisco Bay Area,2009,2192.514335,1.00,N,N,,
630339,Gold Mountain CDP,22,12,0,6604.685148,(37) Upper Feather River Watershed,2009,6604.685148,1.00,N,N,,
630410,Good Hope CDP,8911,2166,34801,10430.31789,(29) Santa Ana Watershed Project Authority,2009,10430.31789,1.00,N,N,,
630420,Goodyears Bar CDP,23,23,0,2227.165609,"(6) Cosumnes, American, Bear, Yuba (CABY)",2009,2227.165609,1.00,N,N,,
630476,Goshen CDP,3832,856,38162,1757.713289,(14) Kaweah River Basin,2009,1757.713289,1.00,N,Y,,
630714,Graniteville CDP,0,0,0,1598.606814,"(6) Cosumnes, American, Bear, Yuba (CABY)",2009,1598.606814,1.00,N,N,,
630798,Grass Valley city,12861,5980,33325,5065.078082,"(6) Cosumnes, American, Bear, Yuba (CABY)",2009,5065.078082,1.00,N,N,,
630812,Graton CDP,1626,706,37927,1649.921345,(21) North Coast,2009,1649.921345,1.00,Y,N,,
630882,Grayson CDP,888,272,28068,2601.79263,(44) Westside - San Joaquin,2009,698.95302,0.27,N,Y,,
630900,Greeley Hill CDP,566,247,30766,21637.92257,(4) Yosemite - Mariposa,2009,21526.05293,0.99,N,N,,
631134,Greenview CDP,183,85,14193,1577.552709,(21) North Coast,2009,1577.552709,1.00,Y,N,,
631162,Greenville CDP,950,455,30766,8758.392992,(37) Upper Feather River Watershed,2009,8758.392992,1.00,N,N,,
631246,Grenada CDP,421,216,30750,592.896086,(21) North Coast,2009,592.896086,1.00,Y,N,,
631260,Gridley city,6566,2065,42542,2219.570301,(22) North Sacramento Valley,2009,2219.570301,1.00,N,N,,
631288,Grimes CDP,419,123,40947,2404.370583,(22) North Sacramento Valley,2009,2404.370583,1.00,N,N,,
631372,Groveland CDP,725,337,31932,9832.191042,(36) Tuolumne-Stanislaus,2009,9832.191042,1.00,N,N,,
631414,Guadalupe city,7160,1887,45456,1255.6489,(30) Santa Barbara County,2009,1255.6489,1.00,N,N,,
631470,Guerneville CDP,3775,2046,42712,10342.98198,(21) North Coast,2009,10342.98198,1.00,Y,N,,
631568,Gustine city,5610,1903,38173,1569.615995,(44) Westside - San Joaquin,2009,1569.615995,1.00,N,Y,,
631890,Hamilton City CDP,1718,503,32774,337.847253,(22) North Sacramento Valley,2009,337.847253,1.00,N,N,,
632030,Happy Camp CDP,1153,526,25625,14233.46521,(21) North Coast,2009,14233.46521,1.00,Y,N,,
632324,Hartland CDP,0,0,0,608.494678,(33) Southern Sierra,2009,608.494678,1.00,N,Y,,
632408,Hat Creek CDP,215,117,36027,56119.48987,(39) Upper Pit River Watershed,2009,56119.48987,1.00,N,N,,
632506,Hawaiian Gardens city,14432,3799,39073,892.458613,(10) Greater Los Angeles County,2009,859.740627,0.96,Y,N,,
632548,Hawthorne city,85889,29145,44384,5676.169991,(10) Greater Los Angeles County,2009,5676.169991,1.00,Y,N,,
632562,Hayfork CDP,2372,1001,28287,80055.80069,(21) North Coast,2009,80055.80069,1.00,Y,N,,
633084,Heber CDP,4256,1030,35153,1345.073268,(12) Imperial,2009,1345.073268,1.00,N,N,,
633182,Hemet city,81203,30585,33932,25836.7797,(29) Santa Ana Watershed Project Authority,2009,25241.69041,0.98,N,N,,
633434,Hesperia city,91757,26203,44472,68984.38709,(18) Mojave,2009,68984.38709,1.00,N,N,,
633504,Hickman CDP,479,170,48000,1108.442095,(47) East Stanislaus,2011,1108.442095,1.00,N,N,,
633574,Highgrove CDP,4067,1130,41087,3005.406684,(29) Santa Ana Watershed Project Authority,2009,3005.406684,1.00,N,N,,
633935,Hiouchi CDP,413,137,46083,668.137338,(21) North Coast,2009,668.137338,1.00,Y,N,,
634246,Holtville city,6067,1666,29628,1047.390322,(12) Imperial,2009,1047.390322,1.00,N,N,,
634281,Home Garden CDP,1787,464,32976,438.842721,(14) Kaweah River Basin,2009,7.482019,0.02,N,Y,,
634316,Homeland CDP,5921,1967,36516,3962.313647,(29) Santa Ana Watershed Project Authority,2009,3962.313647,1.00,N,N,,
634392,Homestead Valley CDP,3366,1363,30527,31831.84455,(18) Mojave,2009,31831.84455,1.00,N,N,,
634405,Homewood Canyon CDP,20,20,0,10015.67346,(13) Inyo-Mono,2009,10015.67346,1.00,Y,N,,
634652,Hopland CDP,587,273,38750,3788.086818,(21) North Coast,2009,3788.086818,1.00,Y,N,,
634694,Hornbrook CDP,275,99,27083,1360.297368,(21) North Coast,2009,1360.297368,1.00,Y,N,,
634708,Hornitos CDP,56,16,0,1187.766614,(4) Yosemite - Mariposa,2009,1187.766614,1.00,N,N,,
634928,Humboldt Hill CDP,3704,1370,48134,4648.774563,(21) North Coast,2009,4648.774563,1.00,Y,N,,
636056,Huntington Park city,58787,14637,34777,2814.005389,(10) Greater Los Angeles County,2009,2813.970331,1.00,Y,N,,
636084,Huron city,6777,1629,28896,1567.062158,(44) Westside - San Joaquin,2009,1567.062158,1.00,N,Y,,
636098,Hyampom CDP,255,115,29952,22547.44941,(21) North Coast,2009,22547.44941,1.00,Y,N,,
636168,Idlewild CDP,32,12,0,447.890659,(33) Southern Sierra,2009,447.890659,1.00,N,Y,,
636294,Imperial Beach city,26857,8649,48117,4052.960913,(26) San Diego,2009,4005.980175,0.99,N,N,,
636364,Indian Falls CDP,23,15,0,2014.420784,(37) Upper Feather River Watershed,2009,2014.420784,1.00,N,N,,
636420,Indianola CDP,889,384,40769,1579.336783,(21) North Coast,2009,1579.336783,1.00,Y,N,,
636448,Indio city,82539,25281,47922,28449.32984,(5) Coachella Valley,2009,28449.32984,1.00,Y,N,,
636452,Indio Hills CDP,910,291,37386,20001.47839,(5) Coachella Valley,2009,20001.47839,1.00,Y,N,,
636546,Inglewood city,111133,36309,42249,8479.50123,(10) Greater Los Angeles County,2009,8479.50123,1.00,Y,N,,
636868,Isla Vista CDP,24792,5167,19237,1760.126248,(30) Santa Barbara County,2009,1716.130869,0.98,N,N,,
636910,Ivanhoe CDP,4044,1064,32783,1992.890247,(14) Kaweah River Basin,2009,1992.890247,1.00,N,Y,,
636980,Jackson city,4616,1818,41745,3887.280807,(19) Mokelumne/Amador/Calaveras (MAC),2009,3887.280807,1.00,N,N,,
637022,Jacumba CDP,77,61,0,5543.314713,(3) Anza Borrego Desert,2009,5543.314713,1.00,N,N,,
637106,Jamestown CDP,3394,1537,38488,3089.914211,(36) Tuolumne-Stanislaus,2009,3089.914211,1.00,N,N,,
637400,Johannesburg CDP,79,62,13906,2329.623184,(48) Fremont Basin,2011,1696.116202,0.73,N,N,,
637512,Johnsville CDP,35,21,0,14980.042,(37) Upper Feather River Watershed,2009,14980.042,1.00,N,N,,
637554,Joshua Tree CDP,7564,3085,38297,34680.90611,(18) Mojave,2009,34680.90611,1.00,N,N,,
637596,Junction City CDP,920,271,37917,31178.37132,(21) North Coast,2009,31178.37132,1.00,Y,N,,
637918,Keeler CDP,80,40,13824,1291.772125,(13) Inyo-Mono,2009,1291.772125,1.00,Y,N,,
638024,Kelly Ridge CDP,2594,1242,38645,2101.980433,(37) Upper Feather River Watershed,2009,1773.805586,0.84,N,N,,
638044,Kelseyville CDP,3516,1220,37606,3065.001721,"(45) Westside (Yolo, Solano, Napa, Lake, Colusa)",2009,3065.001721,1.00,N,N,,
638065,Kennedy CDP,3487,847,37675,1247.770971,(8) Eastern San Joaquin,2009,1247.770971,1.00,N,N,,
638076,Kennedy Meadows CDP,37,29,14408,5706.682462,(33) Southern Sierra,2009,5706.682462,1.00,N,Y,,
638226,Kerman city,14110,3713,45539,3226.529643,(38) Kings Basin Water Authority,2009,3226.529643,1.00,Y,Y,,
638394,Kettleman City CDP,1648,347,41131,206.80101,(44) Westside - San Joaquin,2009,6.291596,0.03,N,Y,,
638422,Keyes CDP,6364,1795,37421,2886.044948,(47) East Stanislaus,2011,2886.044948,1.00,N,N,,
638520,King City city,13171,2944,40500,3924.792607,(11) Greater Monterey County,2009,3924.792607,1.00,N,N,,
638548,Kings Beach CDP,3384,1164,39639,3675.307169,(34) Tahoe-Sierra,2009,3582.672227,0.97,N,N,,
638646,Kirkwood CDP,98,23,39375,5612.296825,"(6) Cosumnes, American, Bear, Yuba (CABY)",2009,4231.11133,0.75,N,N,,
638702,Klamath CDP,955,342,30769,14334.41873,(21) North Coast,2009,14334.41873,1.00,Y,N,,
638800,Knights Landing CDP,1161,426,45789,528.903675,"(45) Westside (Yolo, Solano, Napa, Lake, Colusa)",2009,527.345912,1.00,N,N,,
639259,Laguna Woods city,16302,11377,36708,3095.013342,(29) Santa Ana Watershed Project Authority,2009,1593.228827,0.51,N,N,,
639472,Lake City CDP,35,27,37750,6674.995632,(49) Lahontan Basins,2011,6674.995632,1.00,N,N,,
639483,Lake Davis CDP,45,30,0,5916.422557,(37) Upper Feather River Watershed,2009,5916.422557,1.00,N,N,,
639514,Lakehead CDP,493,204,31136,5919.209164,(40) Upper Sacramento-McCloud,2009,5061.286219,0.86,N,N,,
639556,Lake Hughes CDP,469,237,21932,10139.47225,(41) Upper Santa Clara River,2009,6931.754392,0.68,N,N,,
639570,Lake Isabella CDP,3093,1417,22726,21497.22121,(15) Kern County,2009,21497.22121,1.00,N,Y,,
639598,Lakeland Village CDP,11343,3551,41289,8091.60922,(29) Santa Ana Watershed Project Authority,2009,6513.684489,0.80,N,N,,
639612,Lake Los Angeles CDP,11948,3388,40227,9271.348844,(2) Antelope Valley,2009,9271.348844,1.00,N,N,,
639696,Lake of the Woods CDP,539,292,33750,3353.057692,(15) Kern County,2009,3335.453172,0.99,N,Y,,
639710,Lakeport city,4746,2001,36361,3397.845011,"(45) Westside (Yolo, Solano, Napa, Lake, Colusa)",2009,3397.845011,1.00,N,N,,
639724,Lake San Marcos CDP,4679,2413,43125,1652.904784,(26) San Diego,2009,1652.904784,1.00,N,N,,
639836,Lakeview CDP,1723,443,47383,3030.995568,(29) Santa Ana Watershed Project Authority,2009,3030.995568,1.00,N,N,,
640088,Lamont CDP,16359,3606,33433,4450.855543,(15) Kern County,2009,4450.855543,1.00,N,Y,,
640116,Lanare CDP,398,88,47875,1999.88994,(38) Kings Basin Water Authority,2009,1999.88994,1.00,Y,Y,,
640130,Lancaster city,159092,47872,49057,89734.44879,(2) Antelope Valley,2009,89734.44879,1.00,N,N,,
640312,La Porte CDP,12,12,0,4820.856821,"(6) Cosumnes, American, Bear, Yuba (CABY)",2009,4712.584966,0.98,N,N,,
640536,Las Flores CDP,154,66,27763,391.248592,(22) North Sacramento Valley,2009,391.248592,1.00,N,N,,
640746,Laton CDP,1144,416,29865,1919.232321,(38) Kings Basin Water Authority,2009,1844.342034,0.96,Y,Y,,
640872,La Vina CDP,436,78,31900,100.938978,(16) Madera,2009,100.938978,1.00,N,N,,
640886,Lawndale city,33155,9597,48376,1838.156285,(10) Greater Los Angeles County,2009,1838.156285,1.00,Y,N,,
640928,Laytonville CDP,1227,474,31190,5876.569161,(21) North Coast,2009,5876.569161,1.00,Y,N,,
640998,Lee Vining CDP,234,32,0,5382.56026,(13) Inyo-Mono,2009,5382.56026,1.00,Y,N,,
641026,Leggett CDP,54,26,43571,2940.794135,(21) North Coast,2009,2940.794135,1.00,Y,N,,
641040,Le Grand CDP,1823,509,38625,1153.160137,(17) Merced,2009,1153.160137,1.00,N,N,,
641110,Lemon Cove CDP,214,99,34875,824.698169,(14) Kaweah River Basin,2009,824.698169,1.00,N,Y,,
641142,Lemon Hill CDP,12767,3991,27101,1703.074129,(1) American River Basin,2009,1703.074129,1.00,N,N,,
641166,Lemoore Station CDP,6913,1584,44632,4148.762905,(44) Westside - San Joaquin,2009,4143.768137,1.00,N,Y,,
641180,Lennox CDP,22039,5362,36573,1019.163765,(10) Greater Los Angeles County,2009,1019.163765,1.00,Y,N,,
641194,Lenwood CDP,3153,1042,42727,2110.287064,(18) Mojave,2009,2110.287064,1.00,N,N,,
641278,Lewiston CDP,1480,590,33929,22300.94626,(21) North Coast,2009,22300.94626,1.00,Y,N,,
641390,Likely CDP,31,15,0,1509.995194,(39) Upper Pit River Watershed,2009,1509.995194,1.00,N,N,,
641572,Linda CDP,18634,5869,36063,9146.576552,(46) Yuba County,2009,9146.576552,1.00,N,N,,
641656,Lindcove CDP,520,148,45625,674.76716,(14) Kaweah River Basin,2009,674.76716,1.00,N,Y,,
641712,Lindsay city,12688,3245,30198,2570.485816,(14) Kaweah River Basin,2009,2570.485816,1.00,N,Y,,
641740,Linnell Camp CDP,561,164,20556,115.67369,(14) Kaweah River Basin,2009,115.67369,1.00,N,Y,,
641789,Little Grass Valley CDP,0,0,0,10831.75174,(37) Upper Feather River Watershed,2009,7112.218024,0.66,N,N,,
641866,Little River CDP,38,18,0,1788.289528,(21) North Coast,2009,1770.159134,0.99,Y,N,,
641880,Littlerock CDP,2040,465,39745,1743.068081,(2) Antelope Valley,2009,1743.068081,1.00,N,N,,
641936,Live Oak city,8500,2405,42349,3338.033131,(22) North Sacramento Valley,2009,3338.033131,1.00,N,N,,
642104,Lockeford CDP,3172,1254,45698,8694.137252,(8) Eastern San Joaquin,2009,8694.137252,1.00,N,N,,
642202,Lodi city,63158,21988,48662,14381.52758,(8) Eastern San Joaquin,2009,14381.52758,1.00,N,N,,
642328,Loleta CDP,661,279,41094,2363.175444,(21) North Coast,2009,2363.175444,1.00,Y,N,,
642524,Lompoc city,43045,13359,47908,11067.60077,(30) Santa Barbara County,2009,11067.60077,1.00,N,N,,
642566,London CDP,2080,467,24816,624.20331,(38) Kings Basin Water Authority,2009,624.20331,1.00,Y,Y,,
642580,Lone Pine CDP,2017,831,31838,19106.33951,(13) Inyo-Mono,2009,19106.33951,1.00,Y,N,,
642622,Long Barn CDP,291,129,24388,2979.332324,(36) Tuolumne-Stanislaus,2009,2979.332324,1.00,N,N,,
643126,Lookout CDP,67,19,36635,6171.74575,(39) Upper Pit River Watershed,2009,6171.74575,1.00,N,N,,
644028,Los Banos city,36626,10303,45665,10187.3975,(44) Westside - San Joaquin,2009,10187.3975,1.00,N,Y,,
644140,Los Molinos CDP,2184,845,36466,2423.266393,(22) North Sacramento Valley,2009,2423.266393,1.00,N,N,,
644280,Lost Hills CDP,2194,452,31875,5400.238129,(15) Kern County,2009,4422.372563,0.82,N,Y,,
644350,Lower Lake CDP,1620,685,31781,2849.14221,"(45) Westside (Yolo, Solano, Napa, Lake, Colusa)",2009,2849.14221,1.00,N,N,,
644364,Loyalton city,874,336,43000,384.550676,(37) Upper Feather River Watershed,2009,384.550676,1.00,N,N,,
644406,Lucerne CDP,3318,1258,20784,5307.039317,"(45) Westside (Yolo, Solano, Napa, Lake, Colusa)",2009,5307.039317,1.00,N,N,,
644420,Lucerne Valley CDP,5767,1986,34024,99603.59661,(18) Mojave,2009,99603.59661,1.00,N,N,,
644574,Lynwood city,70789,15206,41930,4510.329836,(10) Greater Los Angeles County,2009,4510.329836,1.00,Y,N,,
644672,Mabie CDP,52,38,0,3947.818032,(37) Upper Feather River Watershed,2009,3947.818032,1.00,N,N,,
644700,McArthur CDP,308,166,42935,1144.026388,(39) Upper Pit River Watershed,2009,1144.026388,1.00,N,N,,
644760,McClellan Park CDP,1103,275,23977,4248.972796,(1) American River Basin,2009,4248.972796,1.00,N,N,,
644770,McClenney Tract CDP,6,4,0,600.779072,(33) Southern Sierra,2009,600.779072,1.00,N,Y,,
644784,McCloud CDP,1111,516,31071,2819.959627,(40) Upper Sacramento-McCloud,2009,2819.959627,1.00,N,N,,
644812,Macdoel CDP,111,18,28500,170.866323,(21) North Coast,2009,170.866323,1.00,Y,N,,
644826,McFarland city,12784,2817,34750,2593.426929,(15) Kern County,2009,2593.426929,1.00,N,Y,,
644924,McKittrick CDP,112,38,43000,2520.170923,(15) Kern County,2009,2520.170923,1.00,N,Y,,
645022,Madera city,62559,16446,42027,15857.91355,(16) Madera,2009,15857.91355,1.00,N,N,,
645092,Mad River CDP,398,200,34907,38319.15938,(21) North Coast,2009,38319.15938,1.00,Y,N,,
645120,Magalia CDP,11467,4855,39514,15229.05036,(22) North Sacramento Valley,2009,15117.55864,0.99,N,N,,
645232,Malaga CDP,935,241,38350,273.109083,(38) Kings Basin Water Authority,2009,273.109083,1.00,Y,Y,,
645386,Manchester CDP,193,84,29118,2776.277141,(21) North Coast,2009,2776.277141,1.00,Y,N,,
645414,Manila CDP,673,337,32997,788.093702,(21) North Coast,2009,788.093702,1.00,Y,N,,
645512,Manton CDP,341,157,31250,19590.66275,(22) North Sacramento Valley,2009,19590.66275,1.00,N,N,,
645736,Maricopa city,1158,395,33750,1437.494665,(15) Kern County,2009,1437.494665,1.00,N,Y,,
645820,Marin City CDP,2958,1241,39872,552.185086,(27) San Francisco Bay Area,2009,552.185086,1.00,N,N,,
645932,Mariposa CDP,1524,692,34881,3100.057625,(4) Yosemite - Mariposa,2009,3100.057625,1.00,N,N,,
646100,Martell CDP,94,85,13508,2436.276202,(19) Mokelumne/Amador/Calaveras (MAC),2009,2436.276202,1.00,N,N,,
646170,Marysville city,12144,4631,34942,3819.868999,(46) Yuba County,2009,3819.868999,1.00,N,N,,
646223,Matheny CDP,1098,291,31208,421.596926,(14) Kaweah River Basin,2009,421.596926,1.00,N,Y,,
646338,Maxwell CDP,1076,349,44625,2299.760007,(22) North Sacramento Valley,2009,2299.760007,1.00,N,N,,
646400,Mayfair CDP,4512,1306,40625,517.177559,(38) Kings Basin Water Authority,2009,517.177559,1.00,Y,Y,,
646492,Maywood city,27703,6287,36492,1099.779893,(10) Greater Los Angeles County,2009,1099.779893,1.00,Y,N,,
646520,Meadowbrook CDP,3447,1032,34815,6384.802519,(29) Santa Ana Watershed Project Authority,2009,6384.802519,1.00,N,N,,
646646,Mead Valley CDP,19851,4486,41962,17850.78107,(29) Santa Ana Watershed Project Authority,2009,17850.78107,1.00,N,N,,
646660,Mecca CDP,8912,1986,26473,6432.98721,(5) Coachella Valley,2009,6432.98721,1.00,Y,N,,
646828,Mendota city,11360,2884,25229,3295.346824,(44) Westside - San Joaquin,2009,106.30615,0.03,N,Y,,
646898,Merced city,80490,24950,38917,23537.27175,(17) Merced,2009,23537.27175,1.00,N,N,,
647164,Mettler CDP,88,31,42917,222.65343,(15) Kern County,2009,222.65343,1.00,N,Y,,
647192,Mexican Colony CDP,216,63,17375,30.732073,(15) Kern County,2009,30.732073,1.00,N,Y,,
647332,Middletown CDP,1073,511,48965,1943.416085,"(45) Westside (Yolo, Solano, Napa, Lake, Colusa)",2009,1943.416085,1.00,N,N,,
647374,Midpines CDP,689,343,41063,25041.00099,(4) Yosemite - Mariposa,2009,25041.00099,1.00,N,N,,
647430,Midway City CDP,9104,2680,45581,562.636721,(29) Santa Ana Watershed Project Authority,2009,562.636721,1.00,N,N,,
648354,Modesto city,205984,70310,47607,45823.95969,(47) East Stanislaus,2011,45791.98291,1.00,N,N,,
648452,Mojave CDP,4172,1516,34500,55828.47058,(2) Antelope Valley,2009,55828.47058,1.00,N,N,,
648592,Monmouth CDP,184,68,34500,306.223395,(38) Kings Basin Water Authority,2009,306.223395,1.00,Y,Y,,
648602,Mono City CDP,67,22,31500,5605.549988,(13) Inyo-Mono,2009,5605.549988,1.00,Y,N,,
648641,Mono Vista CDP,1979,891,46250,2931.413665,(36) Tuolumne-Stanislaus,2009,2931.413665,1.00,N,N,,
648676,Monson CDP,191,48,41667,487.96685,(38) Kings Basin Water Authority,2009,487.96685,1.00,Y,Y,,
648690,Montague city,1504,574,42500,2061.870381,(21) North Coast,2009,2061.870381,1.00,Y,N,,
648788,Montclair city,37685,10336,48767,5159.056711,(29) Santa Ana Watershed Project Authority,2009,5159.056711,1.00,N,N,,
648816,Montebello city,63353,19674,47562,7819.060031,(10) Greater Los Angeles County,2009,7696.092075,0.98,Y,N,,
648928,Monte Rio CDP,1031,553,33681,2066.603653,(21) North Coast,2009,2066.603653,1.00,Y,N,,
649348,Morongo Valley CDP,3605,1599,32295,23582.57742,(5) Coachella Valley,2009,4880.686442,0.21,Y,N,,
649488,Moss Landing CDP,200,70,30500,603.128018,(11) Greater Monterey County,2009,603.128018,1.00,N,N,,
649544,Mountain Center CDP,75,18,0,1749.022062,(29) Santa Ana Watershed Project Authority,2009,1749.022062,1.00,N,N,,
649558,Mountain Gate CDP,1153,470,33906,2206.57512,(22) North Sacramento Valley,2009,2206.57512,1.00,N,N,,
649600,Mountain Mesa CDP,454,156,38250,807.262385,(15) Kern County,2009,807.262385,1.00,N,Y,,
649628,Mountain Ranch CDP,1369,684,38630,42869.82475,(19) Mokelumne/Amador/Calaveras (MAC),2009,42869.82475,1.00,N,N,,
649651,Mountain View CDP,2299,998,43077,299.236325,(27) San Francisco Bay Area,2009,299.236325,1.00,N,N,,
649768,Mount Hebron CDP,88,33,25368,821.716354,(21) North Coast,2009,821.716354,1.00,Y,N,,
649796,Mount Hermon CDP,1027,385,48549,656.319589,(31) Santa Cruz County,2009,656.319589,1.00,N,N,,
649810,Mount Laguna CDP,12,12,0,1543.905528,(26) San Diego,2009,979.695642,0.63,N,N,,
649852,Mount Shasta city,3331,1666,43969,4281.342354,(40) Upper Sacramento-McCloud,2009,4281.342354,1.00,N,N,,
650034,Murphys CDP,1884,952,46885,10699.51288,(36) Tuolumne-Stanislaus,2009,8471.844861,0.79,N,N,,
650132,Muscoy CDP,11674,2260,35660,2948.382929,(29) Santa Ana Watershed Project Authority,2009,2948.382929,1.00,N,N,,
650146,Myers Flat CDP,57,26,0,535.821767,(21) North Coast,2009,535.821767,1.00,Y,N,,
650398,National City city,59543,15523,39517,8257.246873,(26) San Diego,2009,8257.246873,1.00,N,N,,
651000,Newcastle CDP,1409,677,45865,2533.486257,"(6) Cosumnes, American, Bear, Yuba (CABY)",2009,2533.486257,1.00,N,N,,
651028,New Cuyama CDP,591,212,34000,673.584456,(30) Santa Barbara County,2009,673.584456,1.00,N,N,,
651042,Newell CDP,429,132,23182,2788.386954,(21) North Coast,2009,2788.386954,1.00,Y,N,,
651140,Newman city,10553,3157,43722,2041.910544,(44) Westside - San Joaquin,2009,2041.910544,1.00,N,Y,,
651168,New Pine Creek CDP,84,51,31023,2648.72365,(39) Upper Pit River Watershed,2009,2615.349535,0.99,N,N,,
651294,Nice CDP,2156,1170,24149,1844.745857,"(45) Westside (Yolo, Solano, Napa, Lake, Colusa)",2009,1844.745857,1.00,N,N,,
651392,Niland CDP,1063,409,17461,368.429103,(12) Imperial,2009,368.429103,1.00,N,N,,
651574,Nord CDP,239,88,31923,2283.708128,(22) North Sacramento Valley,2009,2283.708128,1.00,N,N,,
651637,North Auburn CDP,14011,5123,48052,8275.754866,(1) American River Basin,2009,6500.914389,0.79,N,N,,
651812,North Edwards CDP,966,412,45658,12199.04231,(2) Antelope Valley,2009,12199.04231,1.00,N,N,,
651924,North Highlands CDP,44899,15088,40986,9279.165409,(1) American River Basin,2009,9279.165409,1.00,N,N,,
652162,North Richmond CDP,3926,1078,35288,1597.555522,(27) San Francisco Bay Area,2009,1597.555522,1.00,N,N,,
652246,North San Juan CDP,281,87,27417,2598.029402,"(6) Cosumnes, American, Bear, Yuba (CABY)",2009,2587.30592,1.00,N,N,,
652302,North Shore CDP,3184,700,24853,10318.11316,(5) Coachella Valley,2009,3074.087855,0.30,Y,N,,
652610,Nubieber CDP,15,7,0,852.84562,(39) Upper Pit River Watershed,2009,852.84562,1.00,N,N,,
652764,Oakhurst CDP,2482,988,39709,6088.715237,(16) Madera,2009,6088.715237,1.00,N,N,,
653196,Oakville CDP,59,13,0,1420.860216,(27) San Francisco Bay Area,2009,1420.860216,1.00,N,N,,
653224,Oasis CDP,5807,1297,24293,18127.30588,(5) Coachella Valley,2009,18127.30588,1.00,Y,N,,
653294,Oceano CDP,7355,2595,48629,1482.439638,(28) San Luis Obispo,2009,1482.439638,1.00,N,N,,
653378,Ocotillo CDP,221,64,21397,8034.455426,(12) Imperial,2009,8034.455426,1.00,N,N,,
653448,Oildale CDP,33879,12308,33818,6310.217472,(15) Kern County,2009,6310.217472,1.00,N,Y,,
653490,Olancha CDP,287,112,41974,7767.709128,(13) Inyo-Mono,2009,7767.709128,1.00,Y,N,,
653602,Old Station CDP,52,18,0,2473.661227,(39) Upper Pit River Watershed,2009,2473.661227,1.00,N,N,,
653714,Olivehurst CDP,13928,4225,43044,7934.133123,(46) Yuba County,2009,7934.133123,1.00,N,N,,
653910,Onyx CDP,599,217,27991,11208.64156,(15) Kern County,2009,11208.64156,1.00,N,Y,,
654008,Orange Cove city,9473,2337,27450,1783.693017,(38) Kings Basin Water Authority,2009,1783.693017,1.00,Y,Y,,
654218,Orick CDP,281,139,32656,5502.757571,(21) North Coast,2009,5502.757571,1.00,Y,N,,
654274,Orland city,7451,2382,38425,3158.525485,(22) North Sacramento Valley,2009,3158.525485,1.00,N,N,,
654372,Orosi CDP,8620,2031,34464,2429.772073,(38) Kings Basin Water Authority,2009,2429.772073,1.00,Y,Y,,
654386,Oroville city,16015,5666,36581,14267.24872,(22) North Sacramento Valley,2009,14267.24872,1.00,N,N,,
654764,Pacheco CDP,4295,1649,48024,764.710842,(27) San Francisco Bay Area,2009,764.710842,1.00,N,N,,
655044,Pajaro CDP,2957,537,29179,929.405477,(23) Pajaro River Watershed,2009,929.405477,1.00,N,N,,
655086,Palermo CDP,5419,1871,42371,31340.65504,(22) North Sacramento Valley,2009,31340.65504,1.00,N,N,,
655254,Palm Springs city,45827,22906,45497,88176.86307,(5) Coachella Valley,2009,88176.86307,1.00,Y,N,,
655506,Panorama Heights CDP,38,24,22500,463.282819,(33) Southern Sierra,2009,463.282819,1.00,N,Y,,
655520,Paradise town,26246,10917,41482,19876.30413,(22) North Sacramento Valley,2009,18424.95381,0.93,N,N,,
655528,Paradise CDP,235,110,48864,4430.964749,(13) Inyo-Mono,2009,4430.964749,1.00,Y,N,,
655618,Paramount city,54813,13732,43784,4507.595743,(10) Greater Los Angeles County,2009,4507.595743,1.00,Y,N,,
655728,Parklawn CDP,1191,348,42105,169.762838,(47) East Stanislaus,2011,169.762838,1.00,N,N,,
655751,Parksdale CDP,3114,689,30069,1818.073833,(16) Madera,2009,1818.073833,1.00,N,N,,
655800,Parkway CDP,14756,4591,33959,2530.488974,(1) American River Basin,2009,2530.488974,1.00,N,N,,
655842,Parkwood CDP,2879,596,31908,699.985932,(16) Madera,2009,699.985932,1.00,N,N,,
655856,Parlier city,14750,3611,31832,2275.150984,(38) Kings Basin Water Authority,2009,2275.150984,1.00,Y,Y,,
656042,Paskenta CDP,52,26,36250,1176.120229,(22) North Sacramento Valley,2009,1176.120229,1.00,N,N,,
656120,Patterson Tract CDP,2041,570,37688,1430.747784,(14) Kaweah River Basin,2009,1430.747784,1.00,N,Y,,
656140,Patton Village CDP,592,301,46477,3641.6574,(49) Lahontan Basins,2011,3641.6574,1.00,N,N,,
656182,Paxton CDP,0,0,0,364.535124,(37) Upper Feather River Watershed,2009,364.535124,1.00,N,N,,
656196,Paynes Creek CDP,41,23,44375,3783.226408,(22) North Sacramento Valley,2009,3783.226408,1.00,N,N,,
656294,Pearsonville CDP,23,6,0,4118.181506,(13) Inyo-Mono,2009,4118.181506,1.00,Y,N,,
656518,Penn Valley CDP,1599,616,43750,2263.676699,"(6) Cosumnes, American, Bear, Yuba (CABY)",2009,2263.676699,1.00,N,N,,
656700,Perris city,71377,16242,48591,29266.78616,(29) Santa Ana Watershed Project Authority,2009,29266.78616,1.00,N,N,,
656854,Phillipsville CDP,77,77,23860,816.154743,(21) North Coast,2009,816.154743,1.00,Y,N,,
656868,Philo CDP,317,118,16667,2165.328204,(21) North Coast,2009,2165.328204,1.00,Y,N,,
657011,Pierpoint CDP,23,12,0,401.082404,(33) Southern Sierra,2009,401.082404,1.00,N,Y,,
657036,Pike CDP,126,48,35714,4642.413814,(46) Yuba County,2009,4633.725283,1.00,N,N,,
657070,Pine Canyon CDP,2243,642,46683,3283.896143,(11) Greater Monterey County,2009,3283.896143,1.00,N,N,,
657134,Pine Flat CDP,130,81,30625,1135.065362,(33) Southern Sierra,2009,1135.065362,1.00,N,Y,,
657148,Pine Grove CDP,1865,930,48571,7271.464974,(19) Mokelumne/Amador/Calaveras (MAC),2009,7271.464974,1.00,N,N,,
657240,Pine Mountain Club CDP,1890,825,45911,16057.02737,(15) Kern County,2009,13984.05028,0.87,N,Y,,
657302,Pi5on Hills CDP,6654,2443,42210,30297.76712,(18) Mojave,2009,28350.01898,0.94,N,N,,
657330,Pioneer CDP,1237,577,42614,4497.587917,(19) Mokelumne/Amador/Calaveras (MAC),2009,4497.587917,1.00,N,N,,
657372,Piru CDP,2078,559,46601,2672.190666,(43) Watersheds Coalition of Ventura County,2009,2672.190666,1.00,N,N,,
657512,Pixley CDP,3769,831,28179,3050.016845,(35) Tule,2009,3050.016845,1.00,N,Y,,
657540,Placerville city,10415,3998,46199,6122.189084,"(6) Cosumnes, American, Bear, Yuba (CABY)",2009,6122.189084,1.00,N,N,,
657568,Plainview CDP,858,203,25938,303.982939,(14) Kaweah River Basin,2009,303.982939,1.00,N,Y,,
657582,Planada CDP,4465,1130,35690,1597.524983,(17) Merced,2009,1597.524983,1.00,N,N,,
657834,Plymouth city,1185,421,44531,986.801954,"(6) Cosumnes, American, Bear, Yuba (CABY)",2009,588.769134,0.60,N,N,,
657876,Point Arena city,405,182,30000,1428.87843,(21) North Coast,2009,1426.123238,1.00,Y,N,,
657960,Point Reyes Station CDP,848,409,36597,3741.055204,(27) San Francisco Bay Area,2009,3741.055204,1.00,N,N,,
658030,Pollock Pines CDP,6540,2699,49044,8389.99219,"(6) Cosumnes, American, Bear, Yuba (CABY)",2009,8389.99219,1.00,N,N,,
658072,Pomona city,151142,38894,48993,21466.80403,(10) Greater Los Angeles County,2009,11372.18967,0.53,Y,N,,
658134,Ponderosa CDP,100,50,0,799.771449,(33) Southern Sierra,2009,799.771449,1.00,N,Y,,
658191,Poplar-Cotton Center CDP,2764,704,21434,1259.32122,(35) Tule,2009,1259.32122,1.00,N,Y,,
658240,Porterville city,54949,16060,41267,17352.1925,(35) Tule,2009,16961.22813,0.98,N,Y,,
658352,Portola city,2710,1045,34134,5873.651611,(37) Upper Feather River Watershed,2009,5873.651611,1.00,N,N,,
658422,Posey CDP,8,4,0,347.900457,(33) Southern Sierra,2009,347.900457,1.00,N,Y,,
658436,Poso Park CDP,4,2,0,42.495196,(33) Southern Sierra,2009,42.495196,1.00,N,Y,,
658478,Potrero CDP,693,207,29554,2848.548433,(26) San Diego,2009,2848.548433,1.00,N,N,,
658618,Prattville CDP,12,7,0,662.160396,(37) Upper Feather River Watershed,2009,662.160396,1.00,N,N,,
658814,Proberta CDP,280,103,34477,1566.444883,(22) North Sacramento Valley,2009,1566.444883,1.00,N,N,,
659080,Quincy CDP,1439,696,46875,4602.400428,(37) Upper Feather River Watershed,2009,4602.400428,1.00,N,N,,
659115,Rackerby CDP,139,43,48125,3172.485802,(22) North Sacramento Valley,2009,2713.940045,0.86,N,N,,
659220,Rail Road Flat CDP,369,161,29922,34531.03964,(19) Mokelumne/Amador/Calaveras (MAC),2009,34531.03964,1.00,N,N,,
659290,Raisin City CDP,232,59,18750,755.744205,(38) Kings Basin Water Authority,2009,755.744205,1.00,Y,Y,,
659604,Rancho Tehama Reserve CDP,2300,877,26046,12793.41968,(22) North Sacramento Valley,2009,12793.41968,1.00,N,N,,
659668,Randsburg CDP,128,78,26813,1875.91351,(48) Fremont Basin,2011,1875.91351,1.00,N,N,,
659892,Red Bluff city,14069,5097,32393,8424.525179,(22) North Sacramento Valley,2009,8424.525179,1.00,N,N,,
659896,Red Corral CDP,1601,610,30431,6101.534994,(19) Mokelumne/Amador/Calaveras (MAC),2009,6101.534994,1.00,N,N,,
659906,Redcrest CDP,52,30,28750,660.781087,(21) North Coast,2009,660.781087,1.00,Y,N,,
659920,Redding city,90725,34818,43773,67923.67264,(22) North Sacramento Valley,2009,67923.67264,1.00,N,N,,
660088,Redway CDP,1132,487,37882,1394.057319,(21) North Coast,2009,1394.057319,1.00,Y,N,,
660242,Reedley city,24858,6792,46002,5182.03259,(38) Kings Basin Water Authority,2009,5182.03259,1.00,Y,Y,,
660592,Richfield CDP,278,114,42500,610.86568,(22) North Sacramento Valley,2009,610.86568,1.00,N,N,,
660606,Richgrove CDP,3006,628,29792,440.648443,(24) Poso Creek,2009,440.648443,1.00,N,Y,,
660900,Rio Dell city,3373,1425,39692,2677.833103,(21) North Coast,2009,2677.833103,1.00,Y,N,,
661096,Riverdale CDP,3881,888,48350,3888.416199,(38) Kings Basin Water Authority,2009,3888.416199,1.00,Y,Y,,
661106,Riverdale Park CDP,922,251,26838,1513.860134,(47) East Stanislaus,2011,1513.860134,1.00,N,N,,
661124,River Pines CDP,309,97,48285,383.234843,(19) Mokelumne/Amador/Calaveras (MAC),2009,360.353312,0.94,N,N,,
662168,Robbins CDP,355,152,38158,2751.740767,(22) North Sacramento Valley,2009,2751.740767,1.00,N,N,,
662200,Robinson Mill CDP,0,0,0,1416.995587,(22) North Sacramento Valley,2009,1155.705209,0.82,N,N,,
662496,Rodriguez Camp CDP,192,39,27596,256.832759,(24) Poso Creek,2009,256.832759,1.00,N,Y,,
662700,Rollingwood CDP,2832,644,48974,174.979412,(27) San Francisco Bay Area,2009,174.979412,1.00,N,N,,
662896,Rosemead city,54457,14604,44524,4839.668874,(10) Greater Los Angeles County,2009,4836.312703,1.00,Y,N,,
663106,Rough and Ready CDP,1195,437,42268,3389.241116,"(6) Cosumnes, American, Bear, Yuba (CABY)",2009,3389.241116,1.00,N,N,,
663134,Round Mountain CDP,126,86,22115,1882.194632,(22) North Sacramento Valley,2009,1184.032022,0.63,N,N,,
663148,Round Valley CDP,436,164,45833,14043.75862,(13) Inyo-Mono,2009,14043.75862,1.00,Y,N,,
663168,Rouse CDP,1757,515,23618,243.562107,(47) East Stanislaus,2011,243.562107,1.00,N,N,,
663386,Ruth CDP,164,83,24028,44621.663,(21) North Coast,2009,44621.663,1.00,Y,N,,
664252,Salmon Creek CDP,59,42,34783,1161.128293,(21) North Coast,2009,1161.128293,1.00,Y,N,,
664294,Salton City CDP,3867,1277,33906,19692.07067,(5) Coachella Valley,2009,19692.07067,1.00,Y,N,,
664308,Salton Sea Beach CDP,757,259,19934,277.201231,(5) Coachella Valley,2009,277.201231,1.00,Y,N,,
664420,San Andreas CDP,2829,1204,40613,8710.995693,(19) Mokelumne/Amador/Calaveras (MAC),2009,8710.995693,1.00,N,N,,
664476,San Ardo CDP,647,198,42333,440.510184,(11) Greater Monterey County,2009,440.510184,1.00,N,N,,
665000,San Bernardino city,213044,57577,38774,58024.79769,(29) Santa Ana Watershed Project Authority,2009,58024.79769,1.00,N,N,,
665112,Sand City city,355,154,34659,2912.016587,(20) Monterey Peninsula-Carmel Bay-So Monterey Bay,2009,531.512588,0.18,N,N,,
667056,Sanger city,24587,6904,42094,5705.159959,(38) Kings Basin Water Authority,2009,5705.159959,1.00,Y,Y,,
667112,San Jacinto city,45497,13269,46714,24279.12499,(29) Santa Ana Watershed Project Authority,2009,24279.12499,1.00,N,N,,
667126,San Joaquin city,4010,937,25545,1191.484797,(38) Kings Basin Water Authority,2009,1191.484797,1.00,Y,Y,,
668140,San Lucas CDP,243,63,45417,387.465197,(11) Greater Monterey County,2009,387.465197,1.00,N,N,,
668154,San Luis Obispo city,45911,17855,44894,12781.05836,(28) San Luis Obispo,2009,12781.05836,1.00,N,N,,
668266,San Miguel CDP,2638,754,47875,1635.14344,(28) San Luis Obispo,2009,1635.14344,1.00,N,N,,
668294,San Pablo city,29516,8967,42746,2711.984118,(27) San Francisco Bay Area,2009,2711.984118,1.00,N,N,,
668434,San Simeon CDP,477,180,33889,773.193737,(28) San Luis Obispo,2009,773.193737,1.00,N,N,,
670028,Santa Nella CDP,1164,478,30000,4596.476761,(44) Westside - San Joaquin,2009,4596.476761,1.00,N,Y,,
670322,Saticoy CDP,1212,278,35926,349.199803,(43) Watersheds Coalition of Ventura County,2009,349.199803,1.00,N,N,,
670336,Sattley CDP,74,48,0,2213.555967,(37) Upper Feather River Watershed,2009,2213.555967,1.00,N,N,,
670728,Searles Valley CDP,1597,683,30478,10223.92533,(13) Inyo-Mono,2009,10223.92533,1.00,Y,N,,
670798,Seeley CDP,1214,393,26761,1128.088789,(12) Imperial,2009,1128.088789,1.00,N,N,,
670882,Selma city,23808,6540,43143,5108.525275,(38) Kings Basin Water Authority,2009,5108.525275,1.00,Y,Y,,
670966,Sequoia Crest CDP,26,13,0,1006.038869,(33) Southern Sierra,2009,1006.038869,1.00,N,Y,,
671078,Seville CDP,437,91,34219,631.094007,(38) Kings Basin Water Authority,2009,583.962224,0.93,Y,Y,,
671106,Shafter city,17261,4434,41107,27028.67274,(24) Poso Creek,2009,27028.67274,1.00,N,Y,,
671225,Shasta Lake city,10143,4010,40295,12173.50187,(22) North Sacramento Valley,2009,12173.50187,1.00,N,N,,
671372,Shelter Cove CDP,516,219,23480,6372.319276,(21) North Coast,2009,6355.335261,1.00,Y,N,,
671414,Sheridan CDP,1465,415,47719,27609.72289,(1) American River Basin,2009,22651.9652,0.82,N,N,,
671680,Shoshone CDP,22,12,0,28098.90698,(13) Inyo-Mono,2009,28098.90698,1.00,Y,N,,
671774,Sierra Brooks CDP,418,164,41250,1480.893485,(37) Upper Feather River Watershed,2009,1480.893485,1.00,N,N,,
671848,Sierraville CDP,133,46,32500,5415.609412,(37) Upper Feather River Watershed,2009,5415.609412,1.00,N,N,,
671932,Silver City CDP,0,0,0,570.768459,(33) Southern Sierra,2009,570.768459,1.00,N,Y,,
672086,Sisquoc CDP,276,83,43750,2128.478807,(30) Santa Barbara County,2009,2128.478807,1.00,N,N,,
672156,Sky Valley CDP,2493,973,34107,22645.7344,(5) Coachella Valley,2009,22645.7344,1.00,Y,N,,
672282,Smartsville CDP,143,74,26100,765.243596,"(6) Cosumnes, American, Bear, Yuba (CABY)",2009,765.243596,1.00,N,N,,
672338,Smith Corner CDP,661,137,36063,212.361137,(24) Poso Creek,2009,212.361137,1.00,N,Y,,
672380,Smith River CDP,871,307,32426,4610.617657,(21) North Coast,2009,4610.617657,1.00,Y,N,,
672408,Snelling CDP,116,68,38333,550.727658,(17) Merced,2009,550.727658,1.00,N,N,,
672492,Soda Springs CDP,80,65,28917,360.612135,"(6) Cosumnes, American, Bear, Yuba (CABY)",2009,360.612135,1.00,N,N,,
672520,Soledad city,26008,3735,46010,4524.162637,(11) Greater Monterey County,2009,4524.162637,1.00,N,N,,
672674,Sonora city,4844,2256,32985,3277.632857,(36) Tuolumne-Stanislaus,2009,3277.632857,1.00,N,N,,
672954,South Dos Palos CDP,2464,561,44180,1541.659123,(44) Westside - San Joaquin,2009,1541.659123,1.00,N,Y,,
672996,South El Monte city,20375,4821,44498,2662.411493,(10) Greater Los Angeles County,2009,2662.411493,1.00,Y,N,,
673080,South Gate city,95515,23386,43526,6855.497486,(10) Greater Los Angeles County,2009,6855.497486,1.00,Y,N,,
673108,South Lake Tahoe city,21394,8585,41380,17585.64468,(34) Tahoe-Sierra,2009,17485.08828,0.99,N,N,,
673178,South Oroville CDP,6058,1665,33605,3154.933029,(22) North Sacramento Valley,2009,3154.933029,1.00,N,N,,
673388,South Taft CDP,1680,471,39784,1032.015462,(15) Kern County,2009,1032.015462,1.00,N,Y,,
673654,Spring Garden CDP,0,0,0,710.306025,(37) Upper Feather River Watershed,2009,710.306025,1.00,N,N,,
673690,Spring Valley CDP,1000,441,27404,5290.097618,"(45) Westside (Yolo, Solano, Napa, Lake, Colusa)",2009,5290.097618,1.00,N,N,,
673710,Springville CDP,502,303,35038,4127.79314,(33) Southern Sierra,2009,4127.79314,1.00,N,Y,,
673815,Squirrel Mountain Valley CDP,372,180,42596,692.557101,(15) Kern County,2009,692.557101,1.00,N,Y,,
673962,Stanton city,38455,11586,45842,2877.504619,(29) Santa Ana Watershed Project Authority,2009,2877.504619,1.00,N,N,,
675000,Stockton city,297223,91304,45347,66802.44592,(8) Eastern San Joaquin,2009,62926.12039,0.94,N,N,,
675168,Storrie CDP,0,0,0,91.41829,(37) Upper Feather River Watershed,2009,91.41829,1.00,N,N,,
675280,Strathmore CDP,3626,825,26250,1395.931061,(14) Kaweah River Basin,2009,1395.931061,1.00,N,Y,,
675322,Strawberry CDP,228,76,0,549.849451,(36) Tuolumne-Stanislaus,2009,549.849451,1.00,N,N,,
675588,Sugarloaf Mountain Park CDP,0,0,0,103.149644,(33) Southern Sierra,2009,103.149644,1.00,N,Y,,
675592,Sugarloaf Saw Mill CDP,0,0,0,95.043372,(33) Southern Sierra,2009,95.043372,1.00,N,Y,,
675596,Sugarloaf Village CDP,9,6,21250,65.414452,(33) Southern Sierra,2009,65.414452,1.00,N,Y,,
675672,Sultana CDP,813,207,24282,440.915714,(38) Kings Basin Water Authority,2009,440.915714,1.00,Y,Y,,
677392,Sutter Creek city,2271,1180,41071,2736.100285,(19) Mokelumne/Amador/Calaveras (MAC),2009,2736.100285,1.00,N,N,,
677595,Taft Mosswood CDP,1398,340,31829,500.348608,(8) Eastern San Joaquin,2009,500.348608,1.00,N,N,,
678050,Tecopa CDP,115,60,12000,18206.79537,(13) Inyo-Mono,2009,18206.79537,1.00,Y,N,,
678092,Tehachapi city,13818,3269,42654,9561.987675,(15) Kern County,2009,9561.987675,1.00,N,Y,,
678106,Tehama city,397,163,47679,867.841205,(22) North Sacramento Valley,2009,867.841205,1.00,N,N,,
678126,Temelec CDP,1505,948,40000,1651.008725,(27) San Francisco Bay Area,2009,1651.008725,1.00,N,N,,
678176,Tennant CDP,115,45,14934,278.162873,(21) North Coast,2009,278.162873,1.00,Y,N,,
678288,Terra Bella CDP,2912,687,24489,2663.127851,(35) Tule,2009,2663.127851,1.00,N,Y,,
678336,Teviston CDP,1823,407,24267,2123.549848,(35) Tule,2009,2123.549848,1.00,N,Y,,
678456,Thermal CDP,3570,949,26344,8747.084533,(5) Coachella Valley,2009,8747.084533,1.00,Y,N,,
678470,Thermalito CDP,6911,2265,35156,13850.85146,(22) North Sacramento Valley,2009,13850.85146,1.00,N,N,,
678568,Thornton CDP,748,264,33500,2268.449057,(8) Eastern San Joaquin,2009,2159.485129,0.95,N,N,,
678596,Thousand Palms CDP,7956,2895,43813,21972.85328,(5) Coachella Valley,2009,21972.85328,1.00,Y,N,,
678638,Three Rivers CDP,2278,1116,43913,44067.46474,(33) Southern Sierra,2009,44067.46474,1.00,N,Y,,
678652,Three Rocks CDP,51,11,0,743.987482,(44) Westside - San Joaquin,2009,743.987482,1.00,N,Y,,
678715,Timber Cove CDP,132,83,34554,5921.259385,(21) North Coast,2009,5911.875647,1.00,Y,N,,
678750,Tipton CDP,2327,584,32239,990.856475,(35) Tule,2009,990.856475,1.00,N,Y,,
678792,Tobin CDP,12,12,0,5480.862696,(37) Upper Feather River Watershed,2009,5480.862696,1.00,N,N,,
678890,Tomales CDP,155,99,38480,344.810439,(27) San Francisco Bay Area,2009,344.810439,1.00,N,N,,
678949,Tooleville CDP,387,124,29125,65.901786,(14) Kaweah River Basin,2009,52.683792,0.80,N,Y,,
679030,Topaz CDP,123,56,0,4591.756314,(13) Inyo-Mono,2009,3820.030386,0.83,Y,N,,
680266,Tranquillity CDP,897,256,24919,615.066191,(38) Kings Basin Water Authority,2009,615.066191,1.00,Y,Y,,
680280,Traver CDP,910,195,38359,835.995141,(38) Kings Basin Water Authority,2009,835.995141,1.00,Y,Y,,
680448,Trinidad city,236,142,42917,756.038468,(21) North Coast,2009,532.369306,0.70,Y,N,,
680476,Trinity Center CDP,239,136,26859,5880.023287,(21) North Coast,2009,5880.023287,1.00,Y,N,,
680483,Trinity Village CDP,211,111,32292,4497.405906,(21) North Coast,2009,4497.405906,1.00,Y,N,,
680515,Trona CDP,0,0,0,9067.718414,(13) Inyo-Mono,2009,9067.718414,1.00,Y,N,,
680644,Tulare city,60663,18064,46387,20140.87098,(14) Kaweah River Basin,2009,20139.25944,1.00,N,Y,,
680686,Tulelake city,1029,383,35208,477.284303,(21) North Coast,2009,477.284303,1.00,Y,N,,
680763,Tuolumne City CDP,1824,875,33030,2435.925024,(36) Tuolumne-Stanislaus,2009,2435.925024,1.00,N,N,,
680784,Tupman CDP,176,45,45313,508.359751,(15) Kern County,2009,508.359751,1.00,N,Y,,
680882,Tuttle CDP,17,8,0,1781.966429,(17) Merced,2009,1781.966429,1.00,N,N,,
680896,Tuttletown CDP,949,406,47794,7595.021488,(36) Tuolumne-Stanislaus,2009,7595.021488,1.00,N,N,,
680952,Twain CDP,0,0,0,7859.169163,(37) Upper Feather River Watershed,2009,7859.169163,1.00,N,N,,
680966,Twain Harte CDP,2374,1125,43625,3842.67818,(36) Tuolumne-Stanislaus,2009,3842.67818,1.00,N,N,,
680994,Twentynine Palms city,25601,8217,40890,55403.51281,(18) Mojave,2009,47710.80882,0.86,N,N,,
681134,Ukiah city,15956,6039,42237,5032.347466,(21) North Coast,2009,5032.347466,1.00,Y,N,,
681302,University of California-Davis CDP,6735,912,25462,1532.339077,"(45) Westside (Yolo, Solano, Napa, Lake, Colusa)",2009,1532.339077,1.00,N,N,,
681312,University of California-Merced CDP,0,0,0,1144.494221,(17) Merced,2009,1144.494221,1.00,N,N,,
681358,Upper Lake CDP,755,283,32438,1798.493958,"(45) Westside (Yolo, Solano, Napa, Lake, Colusa)",2009,1798.493958,1.00,N,N,,
681708,Valle Vista CDP,15995,5641,40010,6567.02517,(29) Santa Ana Watershed Project Authority,2009,6567.02517,1.00,N,N,,
681722,Valley Acres CDP,717,227,47466,3961.137421,(15) Kern County,2009,3961.137421,1.00,N,Y,,
681778,Valley Ford CDP,167,100,9312,2751.535953,(21) North Coast,2009,2751.535953,1.00,Y,N,,
681925,Valley Wells CDP,0,0,0,10488.41192,(13) Inyo-Mono,2009,10488.41192,1.00,Y,N,,
682334,Verdi CDP,92,64,4853,4508.936026,(34) Tahoe-Sierra,2009,4327.733723,0.96,N,N,,
682422,Vernon city,59,20,38500,4814.485963,(10) Greater Los Angeles County,2009,4790.617956,1.00,Y,N,,
682562,Victor CDP,605,144,19259,1300.669502,(8) Eastern San Joaquin,2009,1300.669502,1.00,N,N,,
682590,Victorville city,119603,31440,47142,69845.11817,(18) Mojave,2009,69845.11817,1.00,N,N,,
682786,Vina CDP,161,79,26250,1473.307815,(22) North Sacramento Valley,2009,1473.307815,1.00,N,N,,
682996,Vista city,96181,30662,47782,17116.43366,(26) San Diego,2009,17116.43366,1.00,N,N,,
683094,Volcano CDP,0,0,0,1568.208506,(19) Mokelumne/Amador/Calaveras (MAC),2009,1568.208506,1.00,N,N,,
683108,Volta CDP,257,79,42464,4467.523291,(44) Westside - San Joaquin,2009,4467.523291,1.00,N,Y,,
683402,Walnut Park CDP,16039,3655,41202,697.533751,(10) Greater Los Angeles County,2009,697.533751,1.00,Y,N,,
683494,Warner Valley CDP,5,5,0,19282.44849,(37) Upper Feather River Watershed,2009,19282.44849,1.00,N,N,,
683542,Wasco city,25865,5264,39273,9143.012677,(24) Poso Creek,2009,9143.012677,1.00,N,Y,,
683570,Washington CDP,17,17,0,2037.591535,"(6) Cosumnes, American, Bear, Yuba (CABY)",2009,2037.591535,1.00,N,N,,
683612,Waterford city,8579,2318,44660,2422.007473,(47) East Stanislaus,2011,2422.007473,1.00,N,N,,
683668,Watsonville city,52085,14148,46691,6805.786093,(31) Santa Cruz County,2009,6192.576399,0.91,N,N,,
683724,Waukena CDP,173,51,46750,926.55838,(14) Kaweah River Basin,2009,926.55838,1.00,N,Y,,
683766,Wawona CDP,167,54,47656,6471.387516,(4) Yosemite - Mariposa,2009,6471.387516,1.00,N,N,,
683794,Weaverville CDP,3294,1387,42165,11635.98304,(21) North Coast,2009,11635.98304,1.00,Y,N,,
683850,Weed city,2937,1090,29200,5460.034448,(21) North Coast,2009,5460.034448,1.00,Y,N,,
683863,Weedpatch CDP,2170,583,28075,3424.201039,(15) Kern County,2009,3424.201039,1.00,N,Y,,
683948,Weldon CDP,2604,1236,30988,26020.95413,(15) Kern County,2009,26020.95413,1.00,N,Y,,
684116,West Athens CDP,8615,2646,38371,1245.393167,(10) Greater Los Angeles County,2009,1245.393167,1.00,Y,N,,
684345,West Goshen CDP,633,165,20350,1164.109204,(14) Kaweah River Basin,2009,1164.109204,1.00,N,Y,,
684480,Westley CDP,853,174,18462,1778.01627,(44) Westside - San Joaquin,2009,1762.450174,0.99,N,Y,,
684578,West Modesto CDP,5534,1506,27297,2076.303552,(47) East Stanislaus,2011,2076.303552,1.00,N,N,,
684592,Westmont CDP,30835,10037,27072,1722.482884,(10) Greater Los Angeles County,2009,1722.482884,1.00,Y,N,,
684606,Westmorland city,1747,526,22372,538.861326,(12) Imperial,2009,538.861326,1.00,N,N,,
684680,West Park CDP,792,244,36389,1787.43619,(38) Kings Basin Water Authority,2009,1787.43619,1.00,Y,Y,,
684732,West Point CDP,743,337,28262,3881.854068,(19) Mokelumne/Amador/Calaveras (MAC),2009,3881.854068,1.00,N,N,,
684780,West Rancho Dominguez CDP,21739,6119,44909,3706.196904,(10) Greater Los Angeles County,2009,3698.803319,1.00,Y,N,,
684928,Westwood CDP,1509,690,33452,6069.896622,(37) Upper Feather River Watershed,2009,6069.896622,1.00,N,N,,
685208,Whitewater CDP,469,172,15500,9206.605194,(5) Coachella Valley,2009,8572.007529,0.93,Y,N,,
685600,Willits city,4853,2142,34186,3008.883751,(21) North Coast,2009,3008.883751,1.00,Y,N,,
685614,Willowbrook CDP,20897,4851,37760,1443.762544,(10) Greater Los Angeles County,2009,1438.642798,1.00,Y,N,,
685642,Willow Creek CDP,1425,752,35607,34362.5166,(21) North Coast,2009,34362.5166,1.00,Y,N,,
685684,Willows city,6118,2374,38730,3093.652246,(22) North Sacramento Valley,2009,3093.652246,1.00,N,N,,
685866,Wilsonia CDP,0,0,0,272.077837,(33) Southern Sierra,2009,272.077837,1.00,N,Y,,
686076,Winton CDP,11774,2905,41091,3088.074003,(17) Merced,2009,3088.074003,1.00,N,N,,
686174,Wofford Heights CDP,2043,992,30500,5893.105139,(15) Kern County,2009,5893.105139,1.00,N,Y,,
686300,Woodlake city,7452,2004,35509,2818.956637,(14) Kaweah River Basin,2009,2799.4895,0.99,N,Y,,
686482,Woodville CDP,1961,446,34750,4273.602101,(35) Tule,2009,4273.602101,1.00,N,Y,,
686678,Yankee Hill CDP,242,156,33500,6523.935967,(37) Upper Feather River Watershed,2009,6523.935967,1.00,N,N,,
686734,Yettem CDP,285,61,0,152.271594,(38) Kings Basin Water Authority,2009,152.271594,1.00,Y,Y,,
686912,Yosemite Valley CDP,877,140,37250,2174.023281,(4) Yosemite - Mariposa,2009,2174.023281,1.00,N,N,,
686944,Yreka city,7675,3246,26385,11566.50687,(21) North Coast,2009,11566.50687,1.00,Y,N,,
687056,Yucca Valley town,21083,7941,43086,37463.21718,(5) Coachella Valley,2009,1123.706873,0.03,Y,N,,